61353,1370
61353,56714
61353,11262
61353,48574
61353,1304
61899,30500
61899,56714
61899,11262
61899,39186
154077,1370
154077,30500
154077,56714
154077,61542
154077,11262
154077,1304
164337,1370
164337,30500
164337,56714
164337,61542
164337,11262
164337,48574
164337,44302
164337,1304
164337,57414
172056,1370
172056,56714
172056,11262
172056,35846
176643,1370
176643,56714
176643,11262
176643,48574
176643,1304
176643,57414
181593,1370
181593,56714
181593,11262
181593,33886
181593,1304
183213,1370
183213,30500
183213,56714
183213,54096
183213,11262
183213,48574
183213,16358
183213,33886
183213,1372
183213,1304
183213,35846
183213,57414
183912,1370
183912,61542
183912,11262
183912,16358
183912,1304
183912,35846
184698,1370
184698,11262
184698,1372
184698,1304
184698,63188
187101,1370
187101,30500
187101,61542
187101,11262
187101,48574
187101,39186
187101,44302
187101,1372
187101,1304
187101,10652
187101,63188
187101,57414
187806,1370
187806,30500
187806,56714
187806,50270
187806,54096
187806,11262
187806,35732
187806,48574
187806,39186
187806,57804
187806,44302
187806,124
187806,50274
187806,1372
187806,1304
187806,10652
187806,42132
187806,63188
187806,57414
188787,1370
188787,30500
188787,54096
188787,11262
188787,33886
188787,49888
188787,10652
194082,1370
194082,56714
194082,11262
194082,48574
194082,1304
205353,1370
205353,11262
205353,50716
205353,1304
206787,61542
206787,11262
206787,1304
206787,35846
207222,1370
207222,30500
207222,56714
207222,11262
207222,44302
207222,1372
207222,1304
207222,57414
209697,1370
209697,30500
209697,56714
209697,11262
209697,35732
209697,1304
209697,10652
217848,1370
217848,30500
217848,56714
217848,61542
217848,11262
217848,48574
217848,33886
217848,1304
217848,57414
229527,1370
229527,56714
229527,11262
229527,39186
229527,33886
230286,1370
230286,56714
230286,11262
230286,48574
230286,50716
230286,33886
230286,1372
230286,1304
230286,57414
230331,1370
230331,56714
230331,11262
230331,50716
230331,33886
230331,1372
230331,57414
232410,1370
232410,56714
232410,11262
232410,50716
232410,1304
236115,1370
236115,30500
236115,56714
236115,61542
236115,11262
236115,1304
236226,1370
236226,30500
236226,56714
236226,11262
236226,39186
236226,1372
238068,1370
238068,30500
238068,56714
238068,11262
238068,1372
238068,1304
238068,10652
56868,1370
70890,56714
70890,11262
70890,33886
71274,1370
71274,30500
71274,54096
71274,11262
71274,39186
71274,34092
71274,44302
71274,1372
71274,1304
88920,1370
88920,30500
88920,56714
88920,61542
88920,54096
88920,11262
88920,35732
88920,48574
88920,39186
88920,44302
88920,33886
88920,10808
88920,1372
88920,1304
88920,60978
88920,10652
88920,57414
154797,1370
154797,30500
154797,61542
154797,54096
154797,11262
154797,35732
154797,48574
154797,39186
154797,34092
154797,124
154797,33886
154797,1372
154797,59822
154797,1304
154797,10652
154797,63188
154797,57414
154887,1370
154887,56714
154887,11262
154887,48574
154887,1372
155556,1370
155556,30500
155556,56714
155556,11262
155556,48574
155556,33886
155556,60978
155556,57414
165687,1370
165687,61542
165687,11262
165687,16358
165687,1304
165687,35846
171939,1370
171939,30500
171939,56714
171939,11262
171939,50716
171939,33886
171939,10652
183195,1370
183195,56714
183195,11262
183195,39186
183195,1372
183195,1304
183195,57414
186384,1370
186384,30500
186384,56714
186384,11262
186384,48574
186384,39186
186384,1372
186384,60978
186384,35846
186384,10652
186384,63188
186384,63510
186384,57414
188331,1370
188331,30500
188331,56714
188331,50270
188331,54096
188331,11262
188331,50716
188331,39186
188331,57804
188331,44302
188331,33886
188331,50274
188331,10808
188331,10652
188331,63188
188331,59396
203502,30500
203502,56714
203502,11262
203502,35732
203502,34092
203502,33886
203502,1304
203502,50718
206433,1370
206433,30500
206433,56714
206433,61542
206433,11262
206433,48574
206433,39186
206433,33886
206433,1304
206433,10652
206433,63510
206433,57414
207996,1370
207996,30500
207996,56714
207996,11262
207996,50716
207996,1304
210141,1370
210141,30500
210141,56714
210141,11262
210141,35732
210141,48574
210141,50716
210141,1304
210141,60978
217782,1370
217782,30500
217782,56714
217782,54096
217782,11262
217782,35732
217782,44302
217782,1372
217782,10652
218265,1370
218265,56714
218265,61542
218265,11262
218265,35732
218265,1304
218265,57414
220713,1370
220713,30500
220713,56714
220713,11262
220713,35732
220713,48574
220713,50716
220713,39186
220713,16358
220713,1304
220713,10652
220713,57414
222906,1370
222906,30500
222906,56714
222906,11262
222906,48574
222906,44302
222906,33886
222906,50274
222906,1372
222906,1304
231663,1370
231663,56714
231663,11262
231663,33886
231663,60978
231663,10652
231900,1370
231900,11262
231900,48574
231900,1372
231900,1304
231900,57414
232035,1370
232035,30500
232035,56714
232035,61542
232035,11262
232035,48574
232035,1372
232035,1304
232035,57414
234018,1370
234018,30500
234018,61542
234018,11262
234018,35732
234018,1372
234018,1304
234018,50718
234297,1370
234297,30500
234297,56714
234297,11262
234297,33886
234297,1304
234297,57414
244404,1370
244479,11262
244479,1304
244575,1370
244575,11262
60864,1370
60864,56714
60864,61542
60864,11262
60864,50716
60864,16358
60864,1372
60864,1304
60864,57414
72645,1370
72645,61542
72645,11262
72645,48574
72645,50716
72645,33886
72645,1304
72645,57414
165717,1370
165717,30500
165717,56714
165717,61542
165717,11262
165717,35732
165717,48574
165717,1304
165717,57414
173940,1370
173940,30500
173940,61542
173940,11262
173940,35732
173940,1372
173940,1304
173940,10652
175266,1370
175266,56714
175266,61542
175266,11262
175266,48574
175266,50716
175266,33886
175266,1372
175266,1304
175266,10652
175266,63188
175266,57414
189045,61364
189045,1370
189045,30500
189045,56714
189045,61542
189045,11262
189045,35732
189045,48574
189045,39186
189045,44302
189045,1372
189045,1304
189045,60978
189045,10652
189045,63188
189045,63510
189045,57414
198945,1370
198945,61542
198945,11262
198945,33886
198945,1304
198945,57414
204093,1370
204093,30500
204093,56714
204093,61542
204093,11262
204093,35732
204093,50716
204093,1304
204093,10652
204093,57414
205107,1370
205107,56714
205107,61542
205107,11262
205107,33886
205107,1304
205959,1370
205959,30500
205959,56714
205959,11262
205959,35732
205959,48574
205959,16358
205959,124
205959,1304
205959,57414
211047,1370
211047,30500
211047,56714
211047,11262
212397,50716
212397,1372
212397,57414
212550,1370
212550,61542
212550,11262
212550,1372
212550,1304
212550,49888
220047,1370
220047,11262
234093,30500
234093,56714
234093,61542
234093,11262
234093,35732
234093,48574
234093,1304
234093,57414
234120,1370
234120,56714
234120,11262
60888,1370
60888,30500
60888,56714
60888,54096
60888,11262
60888,39186
60888,44302
60888,1372
60888,1304
61482,30500
61482,56714
61482,11262
64299,1370
64299,30500
64299,56714
64299,61542
64299,11262
64299,50716
64299,33886
64299,1372
64299,1304
64299,50718
154041,1370
154041,56714
154041,11262
154041,35732
154041,1304
154167,61364
154167,1370
154167,30500
154167,61542
154167,11262
154167,48574
154167,39186
154167,10808
154167,1372
154167,1304
154167,49888
154167,60978
154167,63188
154167,57414
164541,1370
164541,11262
164640,1370
164640,56714
164640,11262
164640,35732
164640,1304
172419,1370
172419,30500
172419,56714
172419,11262
172419,35732
172419,50716
172419,57414
172419,50718
178230,1370
178230,56714
178230,11262
178458,1370
178458,30500
178458,56714
178458,50270
178458,54096
178458,11262
178458,48574
178458,50716
178458,39186
178458,44302
178458,50274
178458,1372
178458,1304
178458,10652
178458,57414
178458,59396
178830,1370
178830,30500
178830,56714
178830,11262
178830,50716
178830,44302
178830,10652
183105,1370
183105,30500
183105,56714
183105,61542
183105,50270
183105,54096
183105,11262
183105,35732
183105,48574
183105,39186
183105,57804
183105,16358
183105,44302
183105,124
183105,33886
183105,50274
183105,1372
183105,50272
183105,1304
183105,10652
183105,57414
183450,1370
183450,30500
183450,56714
183450,54096
183450,11262
183450,48574
183450,50716
183450,1372
183450,1304
183450,57414
191232,1370
191232,30500
191232,56714
191232,61542
191232,11262
191232,35732
191232,48574
191232,39186
191232,16358
191232,44302
191232,33886
191232,61558
191232,1372
191232,1304
191232,60978
191232,10652
191232,57414
191250,1370
191250,56714
191250,11262
191250,48574
191250,35846
191250,57414
197673,1370
197673,56714
197673,11262
201837,30500
201837,61542
201837,11262
201837,1304
203259,1370
203259,30500
203259,56714
203259,61542
203259,11262
203259,48574
203259,16358
203259,33886
203259,1304
203259,60978
203259,35846
203259,10652
203259,57414
211383,11262
211383,48574
211383,50716
211383,39186
211383,33886
211383,1304
211383,42132
211383,57414
212211,1370
212211,30500
212211,56714
212211,11262
212211,48574
212211,1304
212748,30500
212748,56714
212748,11262
212748,44302
212748,33886
212748,1304
216981,1370
216981,11262
216981,1372
216981,1304
222540,11262
59691,1370
59691,30500
59691,11262
59691,50716
59691,1304
61908,61364
61908,1370
61908,56714
61908,61542
61908,11262
61908,48574
61908,50716
61908,16358
61908,59822
61908,1304
179790,1370
179790,30500
179790,11262
179790,35732
179790,1304
186174,1370
186174,30500
186174,56714
186174,54096
186174,11262
186174,35732
186174,50716
186174,39186
186174,16358
186174,44302
186174,33886
186174,50274
186174,3382
186174,1372
186174,1304
186174,10652
186174,42132
186174,57414
188937,1370
188937,30500
188937,56714
188937,11262
188937,35732
188937,48574
188937,50716
188937,1304
188937,10652
188937,57414
198867,1370
198867,30500
198867,56714
198867,11262
198867,33886
198867,1304
198867,10652
205659,1370
205659,30500
205659,56714
205659,61542
205659,11262
205659,48574
205659,50716
205659,16358
205659,33886
205659,1304
205659,35846
205659,10652
205659,57414
206940,30500
206940,56714
206940,11262
206940,44302
206940,33886
206940,1304
206940,57414
207339,30500
207339,56714
207339,61542
207339,11262
207339,39186
207339,57804
207339,44302
207339,1372
207339,1304
207339,42132
212256,1370
212256,30500
212256,56714
212256,11262
212256,48574
212256,1304
212256,10652
212256,57414
213978,56714
213978,57804
213978,50274
213978,60
216123,1370
216123,11262
225501,1370
225501,30500
225501,56714
225501,61542
225501,11262
225501,35732
225501,16358
225501,124
225501,33886
225501,1372
225501,1304
225501,49888
225501,57414
227115,1370
227115,11262
227115,33886
227115,1304
227115,63510
63873,11262
66879,1370
66879,30500
66879,56714
66879,61542
66879,11262
66879,48574
66879,1372
66879,1304
66879,63188
66879,57414
153303,1370
153303,30500
153303,56714
153303,61542
153303,11262
153303,48574
153303,1372
153303,1304
153303,35846
153303,10652
153303,63188
153303,57414
154578,1370
154578,30500
154578,56714
154578,61542
154578,11262
154578,16358
154578,1372
154578,1304
154578,57414
164007,1370
164007,61542
164007,11262
164007,35732
164007,48574
164007,1304
164007,57414
172161,1370
172161,30500
172161,61542
172161,11262
172161,48574
172161,33886
172161,1372
172161,1304
172161,10652
172161,63188
172161,57414
179838,30500
179838,61542
179838,11262
179838,16358
179838,1304
179838,35846
179838,10652
194229,1370
194229,30500
194229,56714
194229,54096
194229,11262
194229,35732
194229,48574
194229,39186
194229,57804
194229,16358
194229,44302
194229,33886
194229,1372
194229,1304
194229,35846
194229,10652
194229,33534
194229,57414
194790,1370
194790,56714
194790,61542
194790,11262
194790,50716
194790,33886
194790,1304
194790,63188
194790,57414
197286,1370
197286,30500
197286,56714
197286,61542
197286,50270
197286,54096
197286,11262
197286,35732
197286,48574
197286,50716
197286,39186
197286,34092
197286,44302
197286,33886
197286,1372
197286,1304
197286,10652
197286,57414
197286,59396
198552,1370
198552,61542
198552,11262
198552,1304
203700,1370
203700,11262
203700,39186
203700,33886
203700,49888
203700,10652
210120,1370
210120,11262
210120,1304
220269,1370
220269,56714
220269,54096
220269,11262
220269,48574
220269,16358
220269,124
220269,50274
220269,1372
220269,1304
220269,35846
220269,10652
220269,57414
239577,1370
239577,30500
239577,56714
239577,11262
239577,50716
72483,1370
72483,30500
72483,56714
72483,11262
72483,39186
72483,44302
72483,33886
72483,10652
154707,61364
154707,1370
154707,30500
154707,56714
154707,54096
154707,11262
154707,35732
154707,48574
154707,124
154707,1372
154707,49888
154707,60978
154707,63188
154707,50718
163131,61364
163131,1370
163131,30500
163131,56714
163131,61542
163131,11262
163131,35732
163131,48574
163131,39186
163131,44302
163131,33886
163131,61558
163131,1372
163131,1304
163131,10652
163131,63188
163131,57414
163131,50718
165744,1370
165744,56714
165744,11262
165744,48574
165744,16358
165744,1304
165744,63510
186990,1370
186990,30500
186990,56714
186990,61542
186990,11262
186990,35732
186990,33886
186990,1304
196845,1370
196845,30500
196845,56714
196845,61542
196845,11262
196845,35732
196845,48574
196845,39186
196845,16358
196845,44302
196845,33886
196845,50274
196845,1372
196845,1304
196845,10652
196845,63188
196845,57414
198573,1370
198573,56714
198573,11262
198573,39186
198573,1304
203175,1370
203175,11262
203175,50716
203175,33886
203175,1304
205815,1370
205815,61542
205815,11262
205815,16358
205815,1304
206367,1370
206367,30500
206367,56714
206367,61542
206367,11262
206367,48574
206367,50716
206367,33886
206367,1304
206367,57414
206418,61364
206418,1370
206418,30500
206418,56714
206418,61542
206418,11262
206418,39186
206418,44302
206418,33886
206418,10808
206418,1372
206418,1304
206418,60978
206418,35846
210678,1370
210678,30500
210678,11262
210678,35732
210678,48574
210678,16358
210678,33886
210678,61558
210678,1304
210678,10652
210678,57414
242439,1370
242439,56714
242439,61542
242439,11262
242439,35732
242439,1304
242439,57414
25749,1370
25749,30500
25749,56714
25749,61542
25749,54096
25749,11262
25749,35732
25749,48574
25749,50716
25749,39186
25749,16358
25749,44302
25749,124
25749,33886
25749,1372
25749,1304
25749,35846
25749,10652
25749,57414
154551,1370
154551,61542
154551,11262
154551,33886
154551,1372
154551,1304
183573,1370
183573,30500
183573,56714
183573,61542
183573,11262
183573,1304
201522,56714
204144,1370
204144,30500
204144,56714
204144,11262
204144,35732
204144,48574
204144,16358
204144,44302
204144,33886
204144,1304
204144,60978
204144,57414
206772,61364
206772,1370
206772,30500
206772,56714
206772,54096
206772,11262
206772,1372
206772,59822
206772,1304
206772,49888
206772,35846
206772,63188
237300,1370
237300,61542
237300,11262
237300,35732
237300,48574
237300,50716
237300,33886
237300,61558
237300,1304
237300,57414
237300,50718
237300,56696
88821,1370
88821,30500
88821,56714
88821,11262
88821,50716
88821,35846
128502,1370
128502,30500
128502,61542
128502,11262
128502,48574
128502,34092
128502,44302
128502,33886
128502,1372
128502,1304
128502,10652
128502,57414
128502,59396
155055,1370
155055,56714
155055,11262
155055,48574
155055,50716
155055,1304
155055,57414
157398,1370
157398,56714
157398,11262
157398,35732
157398,48574
157398,33886
157398,1372
157398,1304
157398,60978
157398,57414
183492,1370
183492,30500
183492,56714
183492,61542
183492,11262
183492,48574
183492,33886
183492,1372
183492,1304
183492,10652
183492,63188
183492,57414
183492,59396
188637,1370
188637,30500
188637,56714
188637,61542
188637,11262
188637,35732
188637,50716
188637,33886
188637,1304
188637,10652
188637,57414
188961,1370
188961,30500
188961,61542
192735,1370
192735,11262
192735,50716
192735,1304
192735,57414
195063,1370
195063,30500
195063,56714
195063,11262
195063,48574
195063,1372
195063,1304
195063,57414
203673,1370
203673,30500
203673,56714
203673,11262
203673,16358
203673,44302
203673,124
203673,33886
203673,10652
203673,57414
204759,1370
204759,11262
207150,1370
207150,56714
207150,61542
207150,11262
207150,33886
207150,1304
207387,1370
207387,56714
207387,61542
207387,11262
207387,35732
207387,1372
207387,1304
207387,57414
210168,1370
210168,30500
210168,56714
210168,54096
210168,11262
210168,35732
210168,48574
210168,39186
210168,16358
210168,33886
210168,10808
210168,1372
210168,1304
210168,60978
210168,10652
210168,63188
210168,57414
238887,61364
238887,1370
238887,61542
238887,11262
238887,1372
238887,1304
62817,1370
62817,30500
62817,56714
62817,11262
154146,1370
154146,30500
154146,56714
154146,61542
154146,11262
154146,50716
154146,33886
154146,1372
154146,1304
159831,1370
159831,11262
159831,48574
159831,50716
159831,1372
159831,57414
192771,30500
192771,56714
192771,61542
192771,11262
192771,35732
192771,48574
192771,44302
192771,33886
192771,1304
192771,60978
192771,33534
192771,63510
192771,57414
193323,1370
193323,30500
193323,56714
193323,61542
193323,11262
193323,48574
193323,39186
193323,44302
193323,33886
193323,1304
193323,60978
193323,57414
193323,50718
193323,62376
203820,1370
203820,56714
203820,61542
203820,11262
203820,35732
203820,33886
203820,1304
203820,35846
203820,63510
203820,57414
222894,1370
222894,56714
222894,61542
222894,11262
222894,35732
222894,33886
222894,1304
242409,1370
242409,30500
242409,56714
242409,11262
242409,50716
242409,1304
71271,1370
71271,30500
71271,54096
71271,11262
71271,35732
71271,39186
71271,34092
71271,44302
71271,33886
71271,1372
71271,1304
154245,1370
154245,11262
160029,1370
160029,56714
160029,11262
160029,1372
160029,1304
187650,1370
187650,11262
187650,1372
191256,1370
191256,30500
191256,56714
191256,11262
191256,50716
191256,1304
191256,57414
192549,56714
192549,50274
207216,1370
207216,30500
207216,56714
207216,11262
207216,35732
207216,50716
207216,1372
207216,1304
207216,10652
207216,57414
207219,1370
207219,30500
207219,56714
207219,11262
207219,35732
207219,50716
207219,34092
207219,44302
207219,1304
207219,10652
210876,61364
210876,1370
210876,30500
210876,56714
210876,61542
210876,11262
210876,48574
210876,16358
210876,124
210876,33886
210876,1372
210876,1304
210876,60978
210876,35846
210876,10652
210876,57414
227988,1370
227988,56714
227988,61542
227988,11262
227988,35732
227988,50716
227988,16358
227988,1304
227988,57414
241263,1370
241263,11262
67827,1370
67827,61542
67827,11262
67827,1304
153312,1370
153312,30500
153312,56714
153312,61542
153312,11262
153312,35732
153312,48574
153312,50716
153312,1304
153312,60978
153312,10652
153312,57414
162843,1370
162843,56714
162843,61542
162843,11262
162843,33886
162843,1372
162843,1304
162843,60978
162843,10652
184485,1370
184485,11262
184485,1304
187707,1370
187707,30500
187707,56714
187707,54096
187707,11262
187707,35732
187707,48574
187707,39186
187707,57804
187707,16358
187707,44302
187707,50274
187707,1372
187707,1304
187707,10652
187707,63188
187707,57414
204795,30500
204795,56714
204795,61542
204795,11262
204795,48574
204795,1304
204795,57414
208449,1370
208449,11262
208449,1304
210171,1370
210171,30500
210171,11262
210171,50716
234972,1370
234972,30500
234972,61542
234972,11262
234972,35732
234972,50716
234972,16358
234972,61558
234972,1372
234972,1304
234972,35846
234972,50718
234972,56696
167571,1370
167571,30500
167571,56714
167571,11262
167571,35732
167571,16358
167571,10652
179853,30500
179853,50270
179853,11262
179853,39186
179853,57804
179853,44302
179853,33886
179853,50274
179853,10808
179853,60978
185067,1370
185067,56714
185067,61542
185067,11262
185067,35732
185067,48574
185067,50716
185067,1372
185067,1304
185067,63188
188265,11262
188265,48574
188265,57414
207078,30500
207078,56714
207078,11262
207078,33886
207078,1304
219381,1370
219381,30500
219381,11262
219381,33886
219381,57414
231096,1370
231096,11262
241824,1370
241824,30500
241824,56714
241824,61542
241824,11262
241824,50716
241824,33886
241824,59822
241824,1304
128469,1370
128469,30500
128469,61542
128469,11262
128469,1304
128469,63510
128469,57414
179496,1370
179496,56714
179496,61542
179496,11262
179496,50716
179496,1304
183789,1370
183789,30500
183789,56714
183789,61542
183789,11262
183789,33886
183789,1372
183789,1304
183789,10652
183789,63188
192300,1370
192300,30500
192300,56714
192300,11262
192300,50716
192300,39186
192300,34092
192300,33886
192300,57414
203094,1370
203094,11262
204222,1370
204222,11262
204222,48574
204222,33886
204222,1304
204222,57414
204762,1370
204762,30500
204762,56714
204762,11262
204762,35732
204762,48574
204762,16358
204762,33886
204762,33534
210840,61542
210840,11262
210840,1304
210840,57414
211950,1370
211950,30500
211950,11262
211950,35732
211950,1304
211950,57414
216648,1370
216648,30500
216648,56714
216648,61542
216648,11262
216648,48574
216648,1304
216648,60978
216648,57414
225669,1370
225669,61542
225669,11262
225669,35732
225669,50716
225669,33886
225669,1304
242388,56714
242388,11262
242388,39186
242388,44302
242388,124
242388,33886
71409,1370
71409,61542
71409,16358
71409,1304
186657,1370
186657,30500
186657,56714
186657,11262
186657,35732
186657,48574
186657,39186
186657,44302
186657,1372
186657,1304
186657,60978
186657,10652
186657,63188
186657,57414
203100,30500
203100,11262
203100,50716
203100,1304
203460,1370
203460,56714
203460,11262
203790,1370
203790,11262
203790,16358
203790,1304
203790,57414
203790,62376
207243,1370
207243,30500
207243,56714
207243,11262
207243,34092
207243,49888
207243,63188
207243,57414
209994,1370
209994,30500
209994,56714
209994,61542
209994,11262
209994,35732
209994,48574
209994,50716
209994,1304
209994,35846
209994,10652
209994,50720
209994,57414
219021,1370
219021,30500
219021,56714
219021,61542
219021,11262
219021,50716
219021,1372
219021,1304
219021,10652
219021,50720
219021,63188
219021,57414
231909,1370
231909,11262
231909,48574
231909,57414
59703,1370
59703,56714
59703,61542
59703,11262
59703,35732
59703,48574
59703,33886
59703,1304
59703,57414
66777,1370
66777,30500
66777,56714
66777,61542
66777,11262
66777,48574
66777,33886
66777,1372
66777,1304
66777,60978
66777,57414
154542,1370
154542,11262
154542,48574
154542,1372
154542,57414
161526,1370
161526,11262
161526,50716
161526,39186
161526,33886
161526,61558
161526,1304
161526,10652
161526,57414
188700,1370
188700,30500
188700,61542
188700,11262
188700,39186
188700,1372
188700,1304
188700,60978
188700,10652
188700,63510
191892,56714
191892,44302
191892,42132
232455,1370
232455,30500
232455,56714
232455,11262
232455,16358
232827,1370
232827,56714
232827,11262
232827,1304
232827,63188
232827,57414
242430,1370
242430,61552
242430,35846
242556,1370
242556,30500
242556,56714
242556,61542
242556,11262
242556,34092
242556,1304
242556,63510
242556,57414
242556,50718
167652,1370
187734,1370
187734,56714
187734,61542
187734,11262
187734,1304
187734,57414
203112,1370
203112,30500
203112,11262
203112,1304
203112,60978
207102,1370
207102,30500
207102,56714
207102,11262
207102,33886
207102,63510
219048,1370
219048,30500
219048,56714
219048,61542
219048,11262
219048,35732
219048,48574
219048,50716
219048,1372
219048,1304
219048,49888
219048,60978
219048,57414
165927,1370
165927,30500
165927,56714
165927,61542
165927,11262
165927,1304
182292,1370
182292,30500
182292,56714
182292,61542
182292,11262
182292,48574
182292,34092
182292,16358
182292,33886
182292,1372
182292,1304
182292,10652
182292,57414
198801,1370
198801,30500
198801,56714
198801,61542
198801,11262
198801,48574
198801,50716
198801,33886
198801,1372
198801,1304
198801,10652
198801,57414
204657,1370
204657,30500
204657,56714
204657,11262
204657,48574
204657,39186
204657,16358
204657,33886
204657,1372
204657,1304
204657,60978
204657,57414
206670,61542
206670,11262
206670,35732
206670,1304
206670,35846
216498,1370
216498,30500
216498,56714
216498,61542
216498,11262
216498,16358
216498,1372
216498,1304
216498,10652
216498,57414
238689,56714
238689,61542
238689,48574
238689,1304
238689,57414
241329,1370
241329,11262
154698,56714
154698,36720
154698,57804
154698,50274
154698,60
154698,10808
187797,1370
187797,30500
187797,56714
187797,54096
187797,11262
187797,1372
187797,1304
187797,57414
210981,1370
210981,30500
210981,56714
210981,61542
210981,11262
210981,50716
210981,124
210981,1304
129135,1370
129135,30500
129135,56714
129135,54096
129135,11262
129135,48574
129135,39186
129135,44302
129135,1372
129135,1304
129135,49888
129135,60978
129135,10652
129135,63188
129135,63510
129135,57414
183489,1370
183489,30500
183489,56714
183489,50270
183489,11262
183489,35732
183489,48574
183489,39186
183489,44302
183489,50274
183489,1372
183489,1304
183489,60978
183489,10652
183489,42132
183489,57414
194883,1370
194883,30500
194883,56714
194883,61542
194883,11262
194883,35732
194883,48574
194883,39186
194883,16358
194883,44302
194883,1372
194883,1304
194883,57414
204522,1370
204522,11262
204522,50716
204522,1372
209622,1370
209622,56714
209622,11262
209622,1304
212283,1370
212283,61542
212283,11262
212283,50716
212283,1304
214506,1370
214506,11262
214506,33886
221115,1370
221115,30500
221115,56714
221115,11262
221115,35732
221115,48574
221115,50716
221115,1304
221115,10652
221115,57414
232665,1370
232665,61542
232665,11262
232665,48574
232665,33886
219522,1370
219522,30500
219522,56714
219522,11262
64734,1370
64734,61542
64734,11262
64734,35732
64734,33886
64734,1372
64734,1304
64734,10652
65631,1370
65631,11262
65631,1304
217494,1370
217494,11262
217494,33886
217494,1304
217494,62376
224925,1370
224925,30500
224925,56714
224925,11262
229539,56714
229539,39186
229539,33886
72045,1370
72045,30500
72045,56714
72045,61542
72045,11262
72045,35732
72045,48574
72045,39186
72045,16358
72045,1372
72045,1304
72045,10652
72045,63188
72045,57414
129081,1370
129081,56714
129081,11262
129081,35732
129081,16358
129081,1304
129081,57414
159033,61364
159033,1370
159033,56714
159033,11262
159033,33886
159033,1372
159033,1304
180495,1370
180495,30500
180495,11262
180495,1372
180495,1304
180495,10652
203082,1370
203082,56714
203082,11262
156225,1370
156225,11262
158742,1370
158742,56714
158742,61542
158742,11262
158742,1304
222669,56714
222669,11262
222669,33886
222669,10808
222669,1304
224631,1370
224631,56714
224631,11262
224631,1372
224631,1304
224631,49888
161403,1370
161403,56714
161403,61542
161403,11262
161403,1304
161403,57414
184104,1370
184104,61542
184104,11262
184104,1304
204228,1370
204228,56714
204228,11262
204228,50716
204228,1304
211806,1370
211806,30500
211806,56714
211806,11262
239556,1370
239556,30500
239556,56714
239556,11262
239556,48574
239556,1304
239556,10652
239556,57414
89013,1370
89013,30500
89013,56714
89013,11262
153048,1370
153048,30500
153048,56714
153048,11262
153048,35732
153048,48574
153048,1372
153048,1304
153048,63188
153048,57414
209637,1370
209637,56714
209637,11262
209637,1304
210816,11262
210816,1304
61977,30500
61977,56714
61977,11262
61977,33886
61977,1304
62337,30500
62337,56714
62337,61542
62337,11262
62337,50716
62337,36720
62337,39186
62337,57804
62337,44302
62337,50274
62337,10808
62337,1304
62337,57414
66378,30500
66378,56714
66378,61542
66378,11262
66378,48574
66378,50716
66378,39186
66378,44302
66378,33886
66378,1304
66378,10652
66378,63510
66378,57414
175293,1370
175293,11262
175293,1304
197595,1370
197595,56714
197595,11262
197595,1304
201852,1370
201852,30500
201852,56714
201852,11262
201852,35732
201852,48574
201852,1304
201852,60978
201852,10652
201852,57414
227343,1370
227343,30500
227343,56714
227343,11262
227343,48574
227343,50716
227343,16358
227343,1372
227343,1304
227343,63188
227343,57414
239247,1370
239247,30500
239247,56714
239247,11262
239247,33886
176403,61364
176403,1370
176403,30500
176403,56714
176403,11262
176403,35732
176403,48574
176403,57804
176403,16358
176403,44302
176403,33886
176403,50274
176403,10808
176403,1372
176403,1304
176403,35846
176403,57414
186378,1370
186378,30500
186378,56714
186378,54096
186378,11262
186378,16358
186378,33886
186378,1304
186378,35846
186378,63510
186378,57414
212721,1370
212721,30500
212721,56714
212721,61542
212721,11262
212721,39186
212721,44302
212721,1372
212721,1304
216108,1370
216108,30500
216108,56714
216108,61542
216108,11262
216108,35732
216108,48574
216108,1372
216108,1304
216108,60978
216108,10652
216108,63188
216108,57414
234021,1370
234021,30500
234021,56714
234021,61542
234021,11262
234021,35732
234021,50716
234021,33886
234021,1304
234021,57414
202959,56714
202959,11262
202959,33886
203445,1370
203445,11262
203445,16358
203445,35846
203445,57414
212775,1370
212775,56714
212775,61542
212775,11262
212775,48574
212775,1304
212775,57414
231102,61364
231102,1370
231102,56714
231102,61542
231102,11262
231102,50716
231102,1372
231102,1304
231102,57414
244380,56714
244380,11262
244380,1304
244380,57414
206955,1370
206955,30500
206955,56714
206955,61542
206955,11262
206955,35732
206955,61552
206955,50716
206955,16358
206955,1304
206955,35846
206955,33534
206955,57414
230604,1370
230604,56714
230604,61542
230604,11262
230604,1304
165750,1370
165750,30500
165750,61542
165750,11262
165750,1372
165750,1304
165750,35846
165750,33534
165750,63188
183576,1370
183576,11262
183576,35732
183576,1304
188343,1370
188343,11262
188343,1304
211641,30500
211641,56714
211641,11262
211641,33886
211641,1304
213114,1370
213114,30500
213114,56714
213114,61542
213114,11262
213114,35732
213114,48574
213114,39186
213114,16358
213114,33886
213114,1372
213114,1304
213114,35846
213114,57414
66054,1370
66054,30500
66054,11262
66054,60978
71766,1370
71766,30500
71766,56714
71766,61542
71766,11262
71766,35732
71766,48574
71766,39186
71766,1372
71766,1304
71766,60978
71766,10652
71766,63188
71766,63510
71766,57414
154098,1370
154098,30500
154098,61542
154098,11262
154098,1304
187659,1304
187659,57414
201564,30500
201564,56714
201564,61542
201564,11262
201564,48574
201564,1304
201564,49888
201564,10652
201564,63510
201564,57414
212112,1370
212112,30500
212112,11262
212112,50716
212112,33886
203775,1370
203775,33886
212379,11262
187962,1370
187962,30500
187962,56714
187962,11262
187962,35732
187962,50716
187962,57414
187962,50718
153381,1370
153381,56714
153381,11262
153381,48574
153381,33886
153381,1372
153381,1304
153381,57414
172503,61364
172503,1370
172503,30500
172503,61542
172503,11262
172503,48574
172503,50716
172503,33886
172503,1372
172503,1304
172503,10652
172503,57414
212475,1370
212475,11262
228060,1370
228060,30500
228060,56714
228060,61542
228060,11262
228060,48574
228060,50716
228060,16358
228060,33886
228060,1372
228060,1304
228060,35846
228060,57414
235191,1370
235191,30500
235191,56714
235191,11262
235191,50716
235191,33886
235191,1304
61692,1370
61692,56714
61692,11262
61692,48574
61692,16358
61692,44302
61692,33886
61692,1372
61692,1304
61692,35846
61692,10652
61692,63188
61692,57414
207828,1370
207828,30500
207828,56714
207828,61542
207828,54096
207828,11262
207828,35732
207828,124
207828,33886
207828,1372
207828,1304
207828,10652
207828,50718
191223,1370
191223,11262
191223,48574
191223,1304
191223,57414
203178,1370
203178,11262
203178,16358
203178,1304
203178,35846
236490,1370
236490,48574
236490,1304
236490,57414
72558,1370
72558,30500
72558,56714
72558,61542
72558,11262
72558,48574
72558,50716
72558,1372
72558,1304
72558,60978
72558,57414
192159,1370
192159,30500
192159,56714
192159,61542
192159,11262
192159,48574
192159,34092
192159,33886
192159,1304
192159,60978
192159,10652
192159,63510
192159,57414
206850,56714
206850,61542
206850,11262
206850,50716
206850,33886
206850,1304
163251,1370
163251,56714
163251,11262
164064,1370
164064,30500
164064,61542
164064,11262
164064,33886
164064,1372
164064,1304
164064,57414
208806,30500
208806,61542
208806,11262
208806,44302
208806,33886
208806,1304
208806,35846
225276,1370
225276,56714
225276,61542
225276,11262
225276,1304
172587,1370
172587,11262
172587,1304
172587,35846
188196,1370
188196,11262
188196,1372
211965,30500
211965,56714
211965,11262
211965,16358
211965,1304
211965,35846
192618,1370
206349,1370
206349,56714
206349,61542
206349,11262
206349,33886
206349,1304
204768,1370
204768,61542
204768,1304
225351,1370
225351,11262
225351,48574
225351,57414
225699,1370
225699,56714
225699,61542
225699,11262
225699,50716
225699,33886
225699,1304
225699,10652
128334,1370
128334,30500
128334,11262
128334,1372
128334,63188
238536,61364
238536,1370
238536,11262
238536,1372
238536,63188
238536,57414
154434,1370
154434,11262
154434,1372
154434,1304
198990,61542
198990,11262
198990,1304
208476,1370
208476,30500
208476,56714
208476,11262
208476,48574
208476,44302
208476,1372
208476,1304
208476,49888
208476,60978
208476,57414
231459,1370
231459,56714
231459,11262
206376,1370
206376,30500
206376,56714
206376,61542
206376,50270
206376,11262
206376,48574
206376,50716
206376,39186
206376,34092
206376,44302
206376,33886
206376,1304
206376,10652
206376,57414
206376,59396
206376,48980
223968,1370
223968,30500
223968,56714
223968,11262
223968,1304
223968,57414
207927,1370
207927,11262
207927,50716
207927,1372
207927,57414
207366,56714
207366,61542
207366,11262
207366,48574
207366,1304
207366,33534
207366,57414
61902,1370
61902,11262
217293,1370
217293,56714
217293,11262
154113,1370
154113,61542
154113,11262
154113,50716
154113,1304
206358,1370
206358,56714
206358,61542
206358,54096
206358,11262
206358,33886
206358,1304
206496,56714
206496,11262
206496,33886
221751,11262
221751,1304
221751,57414
183363,1372
227664,61364
227664,1370
227664,56714
227664,48574
227664,39186
227664,33886
227664,1372
227664,57414
244446,1370
244446,11262
244446,57414
203088,1370
203088,56714
203088,11262
207618,1370
207618,30500
207618,11262
207618,35732
207618,33886
207618,1372
207618,10652
163377,1370
163377,61542
163377,11262
163377,1304
217380,1370
217380,56714
217380,11262
208572,1370
208572,30500
208572,56714
208572,11262
208572,48574
208572,50716
208572,1304
208572,57414
176607,1370
176607,30500
231162,1370
231162,56714
231162,11262
211767,1370
211767,30500
211767,56714
211767,11262
204141,1370
204141,56714
204141,61542
204141,11262
204141,1304
203232,1370
203232,56714
203232,11262
203232,48574
203232,33886
203232,1304
203232,57414
154473,1370
154473,56714
154473,11262
154473,48574
154473,1304
154473,57414
211989,11262
211989,48574
211989,1304
241389,1370
241389,30500
241389,61542
241389,11262
241389,50716
241389,1304
241389,57414
205728,1370
205728,11262
227973,1370
227973,30500
227973,56714
227973,11262
227973,50716
227973,34092
227973,60978
235299,1370
235299,56714
235299,11262
235299,48574
235299,1304
235299,57414
195507,1370
195507,30500
195507,56714
195507,61542
195507,11262
195507,48574
195507,50716
195507,33886
195507,1304
195507,57414
243408,1370
243408,56714
243408,61542
243408,11262
243408,1304
243408,10652
174513,1370
174513,56714
174513,11262
174513,35732
174513,48574
174513,16358
174513,1304
174513,57414
188730,61364
188730,1370
188730,30500
188730,56714
188730,61542
188730,11262
188730,35732
188730,48574
188730,39186
188730,34092
188730,44302
188730,33886
188730,1372
188730,1304
188730,10652
188730,63188
188730,57414
198882,1370
198882,30500
198882,56714
198882,61542
198882,11262
198882,48574
198882,39186
198882,44302
198882,33886
198882,1372
198882,1304
198882,57414
198882,56696
206442,56714
206442,11262
206442,33886
212220,1370
212220,56714
212220,54096
212220,11262
212220,35732
212220,16358
212220,44302
212220,1372
212220,1304
212220,10652
212220,57414
212430,1370
212430,30500
212430,56714
212430,11262
212430,35732
212430,48574
212430,16358
212430,1372
212430,1304
212430,60978
212430,10652
212430,57414
212526,1370
212526,30500
212526,56714
212526,11262
212526,35732
212526,48574
212526,16358
212526,33886
212526,1372
212526,1304
212526,10652
212526,50718
220728,1370
220728,30500
220728,56714
220728,11262
220728,44302
220728,33886
220728,1304
153756,1370
153756,30500
153756,56714
153756,11262
153756,48574
153756,1372
153756,1304
153756,35846
153756,42132
153756,57414
177903,1370
177903,61542
177903,11262
177903,1304
194424,11262
194424,33886
203133,1370
203133,30500
203133,56714
203133,61542
203133,11262
203133,35732
203133,48574
203133,50716
203133,33886
203133,1304
203133,60978
203133,10652
203133,57414
203796,1370
203796,30500
203796,56714
203796,11262
203796,1304
206460,30500
206460,61542
206460,11262
206460,33886
206460,1372
206460,1304
207129,56714
207129,61542
207129,11262
207129,33886
207129,1372
207129,1304
207129,42132
207129,63188
207129,57414
156057,1370
156057,30500
156057,56714
156057,54096
156057,11262
156057,39186
156057,44302
156057,50274
156057,1372
156057,1304
156489,1370
156489,11262
156489,33886
167316,1370
167316,30500
167316,56714
167316,11262
167316,48574
167316,34092
167316,16358
167316,44302
167316,1372
167316,1304
167316,60978
167316,57414
208341,1370
208341,56714
208341,11262
208341,33886
208509,1370
208509,11262
208509,1304
158499,1370
158499,30500
158499,56714
158499,61542
158499,11262
158499,48574
158499,33886
158499,1372
158499,1304
158499,10652
158499,63188
158499,57414
206361,56714
206361,11262
206361,33886
206667,30500
206667,56714
206667,61542
206667,11262
206667,35732
206667,48574
206667,44302
206667,1372
206667,1304
206667,35846
206667,57414
226662,1370
226662,56714
226662,61542
226662,11262
226662,33886
226662,1304
226662,57414
61215,11262
154011,1370
154011,30500
154011,56714
154011,61542
154011,11262
154011,48574
154011,50716
154011,1304
154011,60978
154011,57414
174468,1370
174468,30500
174468,56714
174468,61542
174468,11262
174468,48574
174468,1372
174468,1304
174468,35846
174468,63188
174468,57414
203052,61542
203052,11262
203052,48574
203052,50716
203052,33886
203052,1304
203052,60978
203052,57414
204780,1370
204780,30500
204780,56714
204780,11262
204780,35732
204780,48574
204780,16358
204780,33886
204780,1304
204780,60978
204780,10652
204780,57414
208788,1370
208788,30500
208788,56714
208788,11262
208788,35732
208788,44302
208788,33886
208788,1304
208788,57414
211527,30500
211527,56714
211527,61542
211527,54096
211527,11262
211527,50716
211527,39186
211527,57804
211527,44302
211527,124
211527,33886
211527,1372
211527,1304
211527,60978
211527,10652
211527,63188
211527,63510
211527,48980
211749,56714
211749,44302
211749,42132
234030,11262
234030,1304
72930,61364
72930,1370
72930,30500
72930,56714
72930,61542
72930,50270
72930,54096
72930,11262
72930,35732
72930,48574
72930,39186
72930,44302
72930,33886
72930,1372
72930,1304
72930,10652
72930,63188
72930,57414
186177,1370
186177,56714
186177,11262
191226,1370
191226,30500
191226,56714
191226,11262
191226,50716
191226,39186
191226,1372
191226,1304
191226,57414
203829,1370
203829,30500
203829,56714
203829,11262
203829,33886
203829,10652
203829,57414
203829,62376
211125,11262
224145,1370
224145,30500
224145,56714
224145,11262
224145,48574
224145,39186
224145,1304
224145,49888
224145,60978
224145,63510
224145,57414
237195,1370
237195,11262
237195,33886
237195,1372
237195,1304
237195,57414
172704,1370
172704,30500
172704,56714
172704,54096
172704,11262
211140,56714
211140,36720
211140,57804
211140,44302
211140,50274
211140,60
211140,10808
211140,49888
211140,51316
72108,1370
72108,61542
72108,11262
72108,1304
166437,1370
166437,30500
166437,56714
166437,11262
166437,48574
166437,1372
166437,60978
166437,63188
166437,57414
184950,1370
184950,30500
184950,56714
184950,61542
184950,11262
184950,1304
210186,56714
210186,11262
210186,33886
232065,1370
232065,30500
232065,56714
232065,54096
232065,11262
232065,35732
232065,1372
65640,1370
65640,30500
65640,56714
65640,11262
65640,48574
65640,50716
65640,1372
65640,1304
65640,57414
154275,1370
154275,56714
154275,11262
154275,1304
161667,1370
161667,56714
161667,61542
161667,11262
161667,50716
161667,33886
161667,1372
161667,1304
161667,60978
161667,10652
188844,1370
188844,30500
188844,56714
188844,11262
188844,48574
188844,1304
188844,49888
188844,60978
188844,10652
188844,57414
203709,11262
203709,1304
210834,1370
210834,56714
210834,11262
210834,50716
210834,33886
210834,10652
224169,1370
224169,30500
224169,56714
224169,61542
224169,11262
224169,39186
224169,34092
224169,33886
224169,1372
224169,1304
224169,49888
224169,10652
224169,57414
195372,1370
195372,11262
195372,50716
195372,33886
195372,60978
198210,1370
198210,56714
198210,11262
211524,1370
211524,30500
211524,56714
211524,61542
211524,11262
211524,33886
211524,1304
231282,30500
231282,11262
66465,1370
66465,30500
66465,11262
66465,1304
96444,1370
96444,30500
96444,56714
96444,11262
96444,39186
96444,33886
96444,1304
96444,10652
96444,63510
96444,57414
155085,1370
155085,30500
155085,56714
155085,61542
155085,1304
155085,60978
155085,10652
208797,1304
196722,1370
196722,56714
196722,11262
196722,50716
196722,1304
196722,10652
203388,11262
203388,33886
203388,1304
220170,30500
220170,56714
220170,11262
220170,50716
220170,1304
220170,57414
128538,1370
128538,30500
128538,56714
128538,11262
128538,48574
128538,39186
128538,1372
128538,1304
128538,49888
128538,60978
128538,10652
128538,63188
128538,57414
128538,50718
196455,11262
196455,48574
196455,50716
196455,60978
196455,57414
208053,1370
208053,11262
208053,1304
225747,1370
225747,11262
225747,48574
225747,50716
225747,44302
225747,33886
225747,60978
225747,10652
225747,57414
228741,1370
228741,11262
228741,1304
61824,1370
61824,11262
61824,48574
61824,1304
61824,57414
165726,1370
165726,11262
165726,1372
165726,1304
166128,1370
166128,30500
166128,56714
166128,61542
166128,11262
166128,33886
166128,1372
166128,1304
166128,35846
166128,10652
194904,1370
194904,30500
194904,56714
194904,11262
194904,35732
194904,33886
194904,1304
194904,57414
197529,1370
197529,30500
197529,56714
197529,61542
197529,11262
197529,35732
197529,48574
197529,50716
197529,1372
197529,1304
197529,63188
197529,57414
203322,1370
203322,30500
203322,56714
203322,61542
203322,11262
203322,33886
203322,1304
203322,60978
207993,1370
207993,61542
207993,11262
207993,1304
208722,1370
208722,30500
208722,56714
208722,54096
208722,11262
208722,48574
208722,44302
208722,1304
208722,60978
208722,63510
208722,57414
154743,1370
154743,56714
154743,61542
154743,11262
154743,1372
154743,1304
154743,63188
181101,1370
181101,30500
181101,56714
181101,61542
181101,11262
181101,48574
181101,44302
181101,33886
181101,50274
181101,1372
181101,1304
181101,63188
181101,57414
206427,1370
206427,30500
206427,56714
206427,61542
206427,11262
206427,33886
206427,1304
206427,57414
225393,1370
225393,30500
225393,56714
225393,61542
225393,11262
225393,48574
225393,39186
225393,44302
225393,124
225393,33886
225393,1372
225393,1304
225393,35846
225393,10652
225393,42132
225393,33534
225393,63188
225393,57414
154890,1370
154890,30500
154890,56714
154890,61542
154890,11262
154890,48574
154890,44302
154890,33886
154890,1372
154890,1304
154890,57414
206697,56714
206697,33886
206697,50274
206697,10808
210114,1370
210114,30500
210114,56714
210114,61542
210114,11262
210114,44302
210114,1304
210114,60978
210114,63510
211548,1370
211548,30500
211548,56714
211548,11262
211548,33886
211548,1304
211548,60978
232404,1370
232404,30500
232404,56714
232404,11262
232404,50716
232404,1304
232404,57414
212301,30500
212301,56714
212301,61542
212301,11262
212301,48574
212301,39186
212301,57804
212301,44302
212301,33886
212301,1372
212301,1304
212301,63188
212301,57414
154032,1370
154032,61542
154032,11262
154032,35732
154032,48574
154032,61552
154032,50716
154032,1304
154032,35846
154032,57414
153669,11262
153669,1304
194718,11262
208350,1370
208350,11262
208350,33886
208350,1304
208350,35846
208350,57414
238293,1370
238293,30500
238293,56714
238293,54096
238293,11262
238293,35732
238293,39186
238293,44302
238293,33886
238293,1304
238293,10652
157938,1370
157938,30500
157938,56714
157938,61542
157938,11262
157938,1304
157938,57414
200502,1370
200502,30500
200502,56714
200502,11262
200502,35732
200502,48574
200502,39186
200502,44302
200502,33886
200502,1304
200502,60978
200502,10652
200502,63510
200502,57414
208590,11262
208590,48574
208590,50716
208590,57414
201798,1370
201798,30500
201798,56714
201798,11262
201798,50716
208209,1370
208209,11262
208209,57414
227310,1370
227310,56714
227310,11262
227310,48574
227310,44302
227310,1304
60882,1370
60882,11262
60882,1372
66843,1370
66843,30500
66843,56714
66843,11262
66843,33886
66843,10652
154758,1370
154758,11262
154758,33886
154758,1304
203706,61542
203706,11262
203706,1304
203706,35846
212892,1370
212892,30500
212892,56714
212892,11262
212892,48574
212892,50716
212892,16358
212892,33886
212892,1372
212892,57414
236520,56714
236520,36720
236520,57804
236520,50274
236520,60
236520,10808
236520,51316
128526,1370
128526,30500
128526,56714
128526,11262
128526,124
128526,33886
153765,1370
203889,30500
203889,11262
203889,50716
203889,1304
203889,60978
203889,63510
203889,57414
204519,1370
204519,30500
204519,56714
204519,11262
204519,50716
204519,33886
204519,1372
204519,63188
204519,57414
192627,1370
192627,61542
192627,11262
192627,1304
208893,1370
208893,56714
208893,11262
208893,50716
208893,33886
208893,1304
223554,30500
223554,56714
223554,11262
223554,48574
223554,1304
223554,57414
234156,1370
234156,30500
234156,56714
234156,11262
234156,50716
234156,33886
234156,1304
167256,1370
167256,11262
239217,11262
160770,1370
160770,30500
160770,56714
160770,61542
160770,11262
160770,34092
160770,1372
160770,1304
160770,60978
160770,57414
184605,1370
184605,30500
184605,56714
184605,11262
184605,50716
184605,1304
206664,56714
206664,61542
206664,11262
206664,48574
206664,50716
206664,33886
206664,1304
206664,35846
206664,57414
206760,30500
206760,56714
206760,11262
206760,44302
206760,124
206760,33886
206760,1372
206760,1304
61344,1370
61344,56714
61344,11262
61344,1304
205188,1370
205188,11262
205188,1304
238263,1370
238263,61542
238263,11262
238263,33886
238263,1304
184635,1370
184635,11262
184635,50716
184635,1304
184635,57414
206607,11262
206607,1372
224526,1370
224526,30500
224526,11262
224526,50716
224526,33886
224526,1304
224526,10652
212232,56714
212232,11262
212232,33886
208533,56714
208533,11262
208533,48574
211476,1370
211476,56714
211476,61542
211476,11262
211476,1304
211476,57414
222711,1370
222711,56714
222711,11262
192564,1370
192564,30500
192564,56714
192564,11262
192564,44302
192564,33886
192564,1304
192564,57414
194388,1370
194388,56714
194388,11262
194388,16358
63867,1370
63867,56714
63867,11262
63867,50716
63867,33886
63867,1304
208524,1370
208524,30500
208524,56714
208524,61542
208524,11262
208524,35732
208524,48574
208524,39186
208524,44302
208524,50274
208524,1372
208524,1304
208524,60978
208524,10652
208524,63510
208524,57414
157224,1370
157224,30500
157224,56714
157224,61542
157224,11262
157224,35732
157224,48574
157224,50716
157224,16358
157224,1372
157224,1304
157224,35846
157224,57414
204771,11262
204771,16358
204771,33886
204771,35846
204771,33534
205122,30500
205122,56714
205122,61542
205122,11262
205122,1304
161283,1370
161283,11262
161283,50716
161283,1304
154779,30500
154779,50716
208506,61542
208506,11262
208506,48574
208506,50716
208506,1304
208506,57414
175899,1370
175899,11262
185244,1370
185244,61542
185244,48574
185244,1372
185244,1304
206439,1370
206439,61542
206439,11262
206439,33886
206439,1304
234129,56714
234129,11262
167082,1370
167082,56714
167082,11262
157680,1370
157680,61542
157680,11262
157680,1304
206943,11262
206943,50716
184863,1370
184863,56714
184863,11262
192714,1370
192714,56714
192714,11262
192714,48574
206451,1370
206451,56714
206451,11262
206451,50716
206451,33886
206451,1304
208539,1370
208539,30500
208539,56714
208539,11262
208539,48574
208539,57414
203199,1370
203199,11262
203199,1372
203199,1304
203199,63188
203871,1370
203871,56714
203871,11262
203871,50716
203871,60978
216948,1370
216948,56714
216948,11262
216948,50716
216948,1372
232269,1370
232269,30500
232269,56714
232269,11262
232269,48574
232269,33886
232269,1304
232269,57414
72312,1370
72312,56714
72312,11262
72312,50716
72312,33886
72312,1304
72312,10652
72312,57414
204411,1370
204411,11262
204411,50716
204411,33886
204411,59816
204411,35846
204411,10652
204411,42132
204411,63186
75723,61542
75723,11262
75723,35732
75723,61552
75723,50716
75723,1304
75723,35846
75723,56696
223104,1370
223104,30500
223104,11262
223104,50716
223104,33886
154119,1370
154119,11262
154119,39186
154119,1372
154119,63188
165786,1370
165786,11262
165786,48574
165786,50716
209520,11262
203073,1370
203073,30500
203073,56714
203073,11262
203073,35732
203073,33886
203073,1304
203073,10652
203073,57414
182442,1370
182442,11262
182442,50718
223518,1370
223518,30500
223518,11262
223518,33886
223518,1304
223518,57414
208872,1370
208872,30500
208872,56714
208872,61542
208872,11262
208872,1304
208872,35846
215298,56714
215298,48574
215298,1372
215298,57414
197034,1370
197034,30500
197034,50716
212469,1370
212469,56714
212469,11262
212469,1304
239115,1370
239115,1304
216309,56714
216309,11262
66033,1370
66033,11262
208566,61542
208566,11262
208566,1304
232266,60
154869,1370
154869,61542
154869,11262
154869,33886
154869,1372
154869,1304
166995,61364
166995,1370
166995,30500
166995,56714
166995,61542
166995,11262
166995,35732
166995,48574
166995,61552
166995,33886
166995,1372
166995,1304
166995,60978
166995,35846
166995,57414
182565,61364
182565,1370
182565,30500
182565,56714
182565,61542
182565,11262
182565,35732
182565,48574
182565,39186
182565,16358
182565,44302
182565,33886
182565,1372
182565,1304
182565,60978
182565,10652
182565,63188
182565,63510
182565,57414
182565,50718
203268,1370
203268,30500
203268,56714
203268,11262
203268,48574
203268,1304
203268,60978
203268,57414
153960,1370
153960,30500
153960,11262
153960,48574
153960,1372
153960,1304
153960,63188
153960,57414
188604,1370
188604,1372
188604,1304
203295,56714
203295,61542
203295,11262
203295,48574
203295,33886
203295,1372
203295,1304
203295,60978
203295,57414
206346,1370
206346,30500
206346,56714
206346,11262
206346,35732
206346,48574
206346,39186
206346,34092
206346,44302
206346,33886
206346,50274
206346,1304
206346,57414
154485,1370
154485,11262
154485,57414
157416,1370
157416,11262
157416,1304
203316,30500
203316,56714
203316,11262
203316,48574
203316,50716
203316,34092
203316,57414
205662,1370
205662,30500
205662,56714
205662,61542
205662,11262
205662,48574
205662,33886
205662,1304
206406,1370
206406,56714
206406,61542
206406,11262
206406,48574
206406,50716
206406,34092
206406,33886
206406,1304
206406,60978
206406,63510
206406,57414
229977,1370
229977,56714
229977,11262
229977,33886
229977,1372
229977,60978
229977,10652
172695,1370
172695,30500
172695,11262
172695,50716
172695,16358
172695,1304
205740,1370
205740,30500
205740,56714
205740,11262
205740,1304
2061063,1370
2061063,30500
2061063,11262
2061063,1304
206745,1370
206745,30500
206745,56714
206745,61542
206745,11262
206745,50716
206745,33886
206745,1372
206745,1304
208599,1370
208599,30500
208599,56714
208599,61542
208599,11262
208599,48574
208599,1304
208599,57414
229341,30500
229341,56714
229341,61542
229341,11262
229341,48574
229341,1304
229341,57414
229341,50718
186438,1370
186438,30500
186438,56714
186438,61542
186438,11262
186438,35732
186438,50716
186438,1372
186438,1304
186438,63188
186438,63510
186438,57414
208740,1370
208740,11262
208740,48574
208740,50716
208740,57414
227469,1370
227469,11262
227469,35732
227469,48574
227469,44302
227469,50274
227469,1372
227469,1304
227469,10652
227469,63188
227469,57414
230028,30500
230028,56714
230028,11262
230028,33886
230028,1304
242151,1370
242151,30500
242151,56714
242151,11262
242151,33886
242151,1304
242571,11262
242571,50716
242571,33886
128604,1370
128604,30500
128604,56714
128604,11262
128604,1372
128604,1304
128604,57414
190776,1370
190776,56714
190776,11262
190776,33886
206847,1370
206847,30500
206847,56714
206847,61542
206847,11262
206847,48574
206847,16358
206847,33886
206847,1304
206847,57414
210234,1370
210234,30500
210234,56714
210234,11262
210234,35732
210234,44302
210234,124
210234,33886
210234,1304
211815,1370
211815,30500
211815,56714
211815,11262
211815,35732
211815,48574
211815,16358
211815,1304
213513,1370
213513,11262
213513,48574
213513,1304
213513,10652
213513,57414
242856,1370
242856,11262
64218,1370
64218,56714
64218,11262
64218,33886
64218,1304
181149,1370
181149,30500
181149,56714
181149,61542
181149,11262
181149,35732
181149,48574
181149,1304
181149,57414
225012,1370
225012,56714
225012,11262
186447,11262
186447,50716
186447,44302
186447,33886
203214,1370
203214,11262
203214,60978
208626,11262
208626,50716
208626,33886
63582,56714
63582,11262
63582,48574
63582,33886
63582,1304
63582,57414
183390,54096
203328,30500
203328,56714
203328,11262
203328,1304
212478,11262
212478,50716
212478,63510
207084,61364
207084,61542
207084,11262
207084,1372
207084,1304
207084,49888
207084,60978
207084,63188
209799,1370
209799,56714
209799,11262
209799,50716
209799,39186
209799,33886
209799,1372
221526,1370
221526,30500
221526,56714
221526,61542
221526,11262
221526,50716
221526,16358
221526,33886
221526,1304
221526,35846
155106,1370
155106,56714
155106,11262
155106,33886
184509,1370
184509,56714
184509,11262
184509,48574
184509,1372
184509,57414
224874,1370
224874,56714
224874,11262
224874,48574
224874,50716
224874,57804
224874,16358
224874,49888
224874,42132
224874,57414
154068,1370
154068,61542
154068,11262
154068,124
154068,1372
154068,1304
154068,57414
154881,61364
154881,1370
154881,30500
154881,56714
154881,61542
154881,11262
154881,48574
154881,1372
154881,1304
154881,60978
154881,10652
154881,63188
154881,57414
186933,11262
186933,33886
222438,1370
222438,30500
222438,56714
222438,11262
222438,48574
222438,1304
222438,10652
222438,57414
158016,56714
158016,11262
158016,50716
158016,33886
158016,1304
158016,57414
153309,1370
153309,61542
153309,11262
153309,1304
186216,1370
186216,30500
186216,56714
186216,61542
186216,11262
186216,48574
186216,50716
186216,1372
186216,1304
186216,57414
208536,56714
208536,61542
208536,11262
208536,50716
208536,1304
208536,57414
208536,50718
224841,1370
224841,11262
224841,35732
224841,57414
235932,1370
235932,56714
235932,11262
235932,50716
235932,33886
235932,1304
207600,1370
207600,56714
207600,11262
207600,48574
207600,50716
207600,16358
207600,33886
207600,1372
207600,1304
207600,35846
207600,10652
207600,57414
210393,1370
210393,56714
210393,61542
210393,11262
210393,33886
210393,1304
210393,57414
165762,1370
165762,30500
165762,56714
165762,61542
165762,11262
165762,48574
165762,39186
165762,16358
165762,1304
165762,60978
165762,35846
165762,10652
165762,57414
72900,1370
72900,30500
72900,56714
72900,61542
72900,11262
72900,33886
72900,1304
72900,57414
161787,1370
161787,1372
161787,1304
208347,1370
208347,56714
208347,11262
208500,56714
208500,11262
208500,33886
208500,1304
208500,35846
208500,57414
208575,61542
208575,11262
208575,1304
231414,1370
231414,11262
181860,1370
181860,30500
181860,56714
181860,11262
181860,50716
181860,57414
210690,1370
210690,56714
210690,11262
210690,50716
210690,33886
210690,1304
236655,1370
236655,11262
236655,35732
236655,50716
236655,1372
236655,1304
236655,10652
129204,11262
129204,50716
129204,1304
198279,1370
198279,56714
198279,11262
198279,35732
198279,44302
198279,1304
25743,1370
25743,30500
25743,56714
25743,61542
25743,11262
25743,48574
25743,33886
25743,1304
25743,35846
25743,57414
212442,1370
212442,30500
212442,56714
212442,61542
212442,11262
212442,48574
212442,33886
212442,1372
212442,1304
212442,57414
230091,1370
230091,30500
230091,56714
230091,11262
230091,44302
129153,30500
129153,56714
129153,11262
129153,1304
129153,35846
129153,57414
220011,1370
220011,56714
220011,61542
220011,11262
220011,48574
220011,1304
220011,57414
208518,11262
208518,50716
208518,33886
210846,30500
210846,56714
210846,61542
210846,11262
210846,1304
210846,57414
155097,1370
155097,56714
155097,61542
155097,11262
155097,48574
155097,16358
155097,1372
155097,1304
155097,63188
155097,57414
232068,1370
232068,56714
232068,11262
232068,1304
232068,57414
238377,30500
238377,56714
238377,61542
238377,11262
238377,48574
238377,33886
238377,1304
238377,60978
238377,57414
175809,1370
175809,11262
175809,1372
175809,57414
203310,1370
203310,56714
203310,11262
203310,33886
203310,1304
203310,60978
203310,57414
211533,1370
211533,56714
211533,11262
211533,16358
211533,1304
211533,35846
238218,1370
238218,56714
238218,11262
238218,1304
203439,1370
203439,30500
203439,61542
203439,11262
203439,48574
203439,16358
203439,1304
203439,35846
203439,10652
203439,57414
128901,1370
128901,56714
128901,11262
128901,1304
128901,57414
164661,1370
164661,56714
164661,11262
164661,1304
230010,1370
230010,56714
230010,11262
230010,16358
230010,1372
202818,1370
202818,30500
202818,56714
202818,11262
202818,48574
202818,50716
202818,34092
202818,44302
202818,50274
202818,1304
202818,60978
202818,57414
228729,1370
228729,30500
228729,56714
228729,61542
228729,11262
228729,35732
228729,48574
228729,50716
228729,34092
228729,59822
228729,1304
228729,10652
228729,57414
208491,1370
208491,30500
208491,56714
208491,61542
208491,11262
208491,48574
208491,33886
208491,1304
208491,60978
208491,57414
207264,10808
208761,30500
208761,11262
208761,35732
208761,1304
208761,60978
240939,30500
240939,56714
240939,61542
240939,11262
240939,48574
240939,44302
240939,33886
240939,1304
240939,57414
164457,1370
164457,30500
164457,56714
164457,11262
164457,48574
164457,1372
164457,1304
164457,60978
164457,57414
208503,11262
208503,33886
212448,30500
212448,56714
212448,11262
212448,44302
212448,33886
212448,1304
211407,1370
211407,56714
211407,11262
211407,33886
211407,1304
64272,1370
64272,61542
64272,11262
64272,1372
64272,1304
67335,1304
206811,56714
206811,11262
206811,50716
206811,1304
241203,56714
241203,61542
241203,11262
241203,1304
129264,1370
129264,11262
129264,16358
129264,1304
129264,35846
129264,50718
157500,1370
157500,56714
157500,11262
157500,35732
157500,1372
157500,1304
192144,1370
192144,11262
192144,33886
203724,1370
203724,30500
203724,56714
203724,11262
203724,33886
203724,1304
203724,57414
209796,1370
209796,30500
209796,54096
209796,11262
209796,50716
209796,39186
209796,10808
209796,1372
209796,63188
209796,57414
238608,1370
238608,56714
238608,61542
238608,11262
238608,48574
238608,50716
238608,1304
208482,30500
208482,56714
208482,61542
208482,11262
208482,50716
208482,33886
208482,1304
208482,35846
208482,57414
189012,1370
189012,56714
189012,61542
189012,11262
189012,1372
189012,1304
189012,57414
140277,1370
140277,11262
140277,16358
140277,33886
208821,61542
208821,11262
208821,33886
208821,1304
208821,60978
236775,1370
236775,30500
236775,56714
236775,11262
236775,63510
212571,1370
212571,11262
212571,50716
212571,16358
212571,60978
212571,10652
225654,1370
225654,56714
225654,61542
225654,11262
153141,30500
153141,61542
153141,11262
153141,1304
183921,1370
183921,61542
183921,11262
183921,1304
212688,54096
208485,56714
208485,61542
208485,11262
208485,35732
208485,48574
208485,33886
208485,1304
208485,60978
208485,57414
225672,1370
225672,56714
225672,11262
203301,56714
203301,11262
203301,48574
203301,50716
203301,33886
203301,1304
203301,57414
208545,30500
208545,56714
208545,11262
208545,1304
212337,30500
212337,56714
212337,61542
212337,11262
212337,50716
212337,33886
212337,1304
212337,60978
207390,11262
207390,50716
207390,33886
207390,1304
207390,60978
198522,11262
194208,1370
194208,56714
194208,61542
194208,11262
194208,33886
194208,1304
203517,1370
203517,30500
203517,54096
203517,11262
203517,1304
203517,60978
229620,30500
229620,61542
229620,11262
229620,35732
229620,50716
229620,1304
229620,57414
242442,1370
242442,30500
242442,56714
242442,61542
242442,11262
242442,33886
242442,1372
242442,1304
242442,63188
242442,57414
246627,30500
246627,56714
246627,11262
246627,50716
246627,33886
246627,1304
246627,63188
246627,57414
206364,1370
206364,30500
206364,56714
206364,61542
206364,11262
206364,48574
206364,39186
206364,57804
206364,44302
206364,33886
206364,50274
206364,60
206364,1372
206364,1304
206364,60978
206364,51316
206364,63510
206364,57414
211947,11262
211947,1304
242232,30500
242232,56714
242232,61542
242232,11262
242232,48574
242232,39186
242232,44302
242232,33886
242232,1372
242232,1304
242232,10652
242232,63510
242232,57414
251253,1370
251253,11262
251253,33886
251643,30500
251643,56714
251643,11262
251643,63510
252375,56714
252375,11262
203142,1370
203142,30500
203142,56714
203142,11262
211473,1370
211473,30500
211473,56714
211473,61542
211473,11262
211473,35732
211473,48574
211473,39186
211473,44302
211473,1304
211473,57414
213885,30500
213885,11262
213885,35732
213885,34092
213885,44302
248013,1370
248013,50716
248013,1304
248013,63510
139272,30500
139272,56714
139272,61542
139272,11262
139272,44302
139272,33886
139272,1304
139272,10652
162984,30500
162984,11262
162984,48574
162984,1372
162984,57414
191556,1370
191556,11262
203106,61542
203106,11262
203106,33886
203106,1304
203106,57414
206304,1370
206304,11262
206304,48574
206304,50716
206304,1372
206304,1304
206304,63188
206304,57414
206952,11262
206952,39186
206952,57804
206952,33886
206952,1372
206952,1304
206952,42132
241026,56714
241026,11262
241026,33886
241026,1304
242619,1370
242619,56714
242619,11262
242619,57414
246054,1370
246054,56714
246054,11262
246054,50716
246054,33886
204276,1370
204276,11262
204276,33886
206748,30500
206748,56714
206748,61542
206748,54096
206748,11262
206748,35732
206748,48574
206748,39186
206748,57804
206748,44302
206748,33886
206748,50274
206748,1372
206748,1304
206748,10652
206748,42132
206748,57414
229473,1370
229473,30500
229473,61542
229473,11262
229473,35732
229473,50716
229473,1304
229473,57414
233091,1370
233091,56714
233091,61542
233091,11262
233091,35732
233091,48574
233091,50716
233091,33886
233091,1372
233091,1304
233091,57414
244278,1370
244278,30500
244278,56714
244278,11262
244278,35732
244278,34092
244278,1304
244278,10652
244278,57414
197802,30500
197802,56714
197802,11262
197802,35732
197802,44302
197802,33886
206412,1370
206412,30500
206412,56714
206412,61542
206412,11262
206412,33886
206412,1304
209976,1370
209976,30500
209976,56714
209976,61542
209976,11262
209976,35732
209976,1304
209976,60978
223071,1370
223071,56714
223071,11262
223071,48574
237804,1370
237804,30500
237804,56714
237804,11262
237804,50716
237804,1372
237804,1304
237804,57414
247632,1370
247632,11262
247632,50716
247632,63188
247989,1370
247989,30500
247989,56714
247989,11262
247989,50716
247989,1304
247989,57414
248061,1370
248061,30500
248061,11262
248061,50716
248061,1304
248061,10652
248061,57414
251106,1370
251106,30500
251106,56714
251106,11262
251106,50716
229521,1370
229521,30500
229521,56714
229521,61542
229521,11262
229521,35732
229521,48574
229521,39186
229521,44302
229521,1304
229521,60978
229521,10652
229521,57414
245706,1370
162957,1370
162957,61542
162957,11262
162957,16358
162957,1304
176472,1370
176472,30500
176472,56714
176472,61542
176472,11262
176472,35732
176472,48574
176472,39186
176472,1372
176472,1304
176472,35846
176472,10652
176472,63188
176472,63510
176472,57414
243927,1370
243927,30500
243927,56714
243927,11262
243927,39186
243927,44302
243927,33886
243927,1372
243927,1304
243927,10652
243927,63510
243927,57414
187224,1370
187224,30500
187224,56714
187224,11262
187224,50716
187224,1304
187224,60978
187224,57414
210813,1370
210813,30500
210813,56714
210813,11262
233970,1370
233970,30500
233970,56714
233970,11262
233970,35732
233970,50716
233970,33886
233970,1304
233970,10652
248292,1370
248292,11262
248292,50716
248292,33886
248292,57414
248373,11262
249567,1370
249567,56714
249567,11262
249567,1304
249567,57414
203058,1370
203058,30500
203058,56714
203058,61542
203058,11262
203058,48574
203058,34092
203058,44302
203058,33886
203058,61558
203058,1304
203058,60978
203058,35846
203058,10652
203058,63510
203058,57414
177474,1370
177474,56714
177474,11262
177474,57414
184488,1370
184488,61542
184488,11262
184488,1304
207144,1370
207144,56714
207144,61542
207144,11262
207144,33886
207144,1304
207144,57414
249216,1370
249216,11262
249216,50716
249216,33886
249216,1304
252480,11262
191451,1370
191451,11262
191451,50716
191451,1304
206637,1370
206637,30500
206637,56714
206637,61542
206637,11262
206637,35732
206637,48574
206637,50716
206637,34092
206637,33886
206637,1304
206637,57414
222306,1370
222306,30500
222306,56714
222306,61542
222306,11262
222306,1304
231057,1370
231057,30500
231057,56714
231057,11262
231057,44302
231057,33886
231057,1304
231057,57414
244158,1370
244158,56714
244158,11262
244158,34092
244158,57414
207087,56714
207087,39186
207087,33886
207087,50274
207087,60
207087,51316
207240,1370
207240,11262
207240,16358
208899,1370
208899,56714
208899,11262
208899,1304
222159,1370
222159,11262
222159,33886
222159,50718
246099,11262
249579,1304
183387,1370
183387,30500
183387,56714
183387,61542
183387,11262
183387,35732
183387,48574
183387,44302
183387,1372
183387,1304
183387,10652
183387,57414
210954,1370
210954,30500
210954,56714
210954,61542
210954,11262
210954,35732
210954,48574
210954,39186
210954,44302
210954,1372
210954,1304
210954,57414
250434,1370
250434,56714
250434,11262
250434,1304
241305,1370
241305,30500
241305,56714
241305,61542
241305,11262
241305,33886
241305,1304
241305,10652
241305,57414
249633,1370
249633,56714
249633,11262
249633,50716
249633,16358
249633,33886
249633,1304
250275,56714
250275,11262
66924,1370
66924,61542
66924,11262
66924,1304
211386,1370
211386,56714
211386,11262
211386,48574
211386,16358
211386,57414
246804,1370
246804,11262
246804,1304
246804,57414
191247,1370
191247,30500
191247,56714
191247,61542
191247,11262
191247,35732
191247,48574
191247,39186
191247,1372
191247,1304
191247,60978
191247,35846
191247,10652
191247,63510
191247,57414
222516,1304
223782,1370
223782,56714
223782,61542
223782,11262
223782,48574
223782,1304
157185,1370
157185,56714
157185,11262
157185,1304
163101,61364
163101,1370
163101,30500
163101,56714
163101,61542
163101,11262
163101,35732
163101,48574
163101,39186
163101,34092
163101,33886
163101,1372
163101,1304
163101,60978
163101,10652
163101,63188
163101,57414
248178,1370
248178,11262
249930,1370
249930,56714
249930,11262
249930,50716
249930,33886
249930,1304
249930,63510
213102,1370
213102,30500
213102,56714
213102,61542
213102,11262
213102,48574
213102,44302
213102,1372
213102,1304
213102,10652
213102,57414
221331,1370
221331,30500
221331,56714
221331,54096
221331,11262
221331,39186
221331,44302
221331,1372
221331,10652
221331,57414
173613,1370
187263,1370
187263,11262
197835,61364
197835,1370
197835,30500
197835,56714
197835,54096
197835,11262
197835,48574
197835,39186
197835,1372
197835,1304
197835,60978
197835,63188
197835,63510
197835,57414
208479,11262
96138,1370
96138,11262
206673,30500
206673,61542
206673,11262
206673,48574
206673,33886
206673,1304
206673,57414
227292,1370
227292,30500
227292,56714
227292,11262
227292,35732
227292,39186
227292,1372
227292,1304
59700,1370
59700,56714
59700,11262
59700,48574
59700,44302
59700,42132
206979,1370
206979,30500
206979,56714
206979,11262
206979,33886
206979,1372
206979,1304
249207,1370
249207,11262
204480,1370
204480,1304
206856,61542
206856,11262
206856,33886
206856,1304
206856,35846
206856,57414
247983,30500
247983,56714
247983,11262
247983,1304
232029,1370
232029,30500
232029,56714
232029,11262
232029,48574
232029,1372
232029,63188
232029,57414
200259,1370
200259,11262
200259,1304
167676,1370
167676,11262
167676,33886
167676,1304
186327,1370
186327,30500
186327,61542
186327,11262
186327,1304
186327,10652
206958,1370
206958,56714
206958,61542
206958,11262
206958,50716
206958,33886
206958,1304
206958,57414
247956,1370
247956,56714
247956,11262
247956,35732
247956,35846
247956,10652
247956,57414
183666,1370
183666,11262
183666,50716
183666,33886
183666,1304
183666,60978
206928,56714
206928,61542
206928,11262
206928,1304
206928,42132
165183,1370
206355,1370
206355,61542
206355,11262
173796,1370
173796,11262
173796,57414
231876,1370
231876,56714
231876,11262
231876,16358
231876,33886
231876,1304
72117,1370
72117,30500
72117,56714
72117,11262
72117,48574
72117,57414
203145,1370
203145,56714
203145,11262
203145,48574
203145,50716
203145,34092
203145,33886
203145,1304
203145,63510
203145,57414
210843,1370
210843,11262
210843,1304
236766,1370
236766,56714
236766,61542
236766,11262
236766,1372
236766,1304
203646,1370
203646,30500
203646,56714
203646,11262
211638,30500
211638,61542
211638,11262
211638,1304
161208,1370
161208,11262
161208,1304
244041,1370
244041,56714
244041,11262
244041,34092
244041,1304
244041,57414
194409,30500
194409,11262
194409,50716
194409,33886
248301,1370
248301,56714
248301,11262
231144,30500
231144,56714
231144,11262
231144,34092
231144,10652
67764,1370
67764,11262
212745,1370
212745,11262
212745,16358
212745,1304
206868,1370
206868,30500
206868,56714
206868,61542
206868,11262
206868,33886
206868,1372
206868,1304
206868,35846
206868,42132
67314,1370
67314,11262
155271,1370
206784,30500
206784,61542
206784,11262
206784,33886
206784,1372
206784,1304
208758,1370
208758,30500
208758,56714
208758,11262
208758,33886
208758,1304
209154,1370
209154,11262
209154,1304
208488,1370
208488,56714
208488,11262
208488,44302
208488,33886
208488,1304
208488,35846
72561,1370
72561,11262
72561,50716
72561,33886
72561,1304
187221,56714
187221,61542
187221,33886
187221,1304
66918,1370
66918,1304
174279,1370
174279,11262
174279,50716
174279,33886
174279,60978
237252,1370
237252,56714
237252,11262
237252,35732
237252,33886
237252,1304
237252,50718
229263,1370
229263,11262
237057,1370
237057,11262
225972,1370
225972,16358
249342,1370
249342,56714
249342,11262
249342,50716
249342,39186
249342,1304
249342,63510
227238,1370
227238,11262
227238,57414
228438,1370
228438,11262
228438,1304
249486,56714
249486,11262
242415,1370
242415,11262
250668,1370
250668,11262
187386,56714
187386,36720
187386,57804
165045,1370
165045,30500
165045,56714
165045,11262
165045,48574
165045,1372
165045,1304
165045,10652
165045,63188
165045,57414
225390,1370
225390,11262
206988,61364
206988,30500
206988,56714
206988,11262
206988,50716
206988,1372
206988,1304
206988,60978
206988,63188
206988,57414
244680,1370
244680,30500
244680,56714
244680,11262
244680,35732
244680,33886
244680,1372
244680,1304
244680,10652
244680,63188
244680,57414
183468,1370
183468,30500
183468,61542
183468,11262
183468,1372
183468,1304
208206,1370
208206,11262
208206,1304
222204,1370
222204,30500
222204,56714
222204,11262
222204,39186
222204,33886
222204,1304
222204,60978
222204,10652
179700,1370
179700,11262
179700,33886
210045,1370
210045,11262
210045,1304
157767,1370
157767,30500
157767,56714
157767,11262
157767,1304
171702,1370
171702,30500
171702,54096
171702,11262
171702,50716
171702,1304
181662,1370
181662,11262
181662,48574
181662,50716
181662,33886
181662,1304
181662,35846
181662,57414
203451,1370
205191,1370
205191,30500
205191,56714
205191,11262
205191,1372
229737,1370
229737,11262
229737,16358
229737,1304
229737,10652
232656,1370
232656,56714
232656,61542
232656,11262
232656,50716
232656,1304
203184,1370
203184,11262
233163,11262
233163,33886
203280,1370
203280,10652
156063,1370
156063,30500
156063,61542
156063,11262
156063,10808
156063,1304
156063,35846
165132,1370
165132,61542
165132,11262
165132,1304
195771,1370
195771,11262
195771,35732
195771,50716
195771,33886
195771,1304
195771,57414
177672,1370
177672,30500
177672,56714
177672,11262
177672,48574
177672,33886
177672,1372
177672,1304
177672,57414
207588,1304
210000,1370
210000,11262
164631,1370
164631,11262
221610,1370
221610,56714
221610,11262
221610,48574
221610,50716
221610,1304
203811,1370
203811,11262
203811,1304
203811,57414
206634,11262
212592,11262
212592,50716
231225,1370
231225,30500
231225,11262
231225,1372
231225,63188
231225,57414
64365,1370
64365,56714
64365,61542
64365,11262
64365,1304
154998,11262
154998,35732
231708,1370
231708,56714
231708,11262
193911,11262
166356,61542
166356,11262
166356,1304
217620,1370
217620,11262
217620,48574
217620,1372
217620,1304
225396,1370
225396,11262
245154,1370
245154,30500
245154,56714
245154,11262
245154,50716
188853,1370
188853,56714
188853,61542
188853,11262
188853,1304
208554,1370
208554,30500
208554,56714
208554,61542
208554,11262
208554,33886
208554,1304
208554,60978
221409,56714
221409,1372
221409,1304
221409,63188
228687,1370
228687,56714
244644,11262
64959,1370
64959,11262
64959,1304
195249,1370
195249,61542
195249,11262
195249,1304
203271,1370
203271,11262
203271,16358
218673,1370
218673,30500
218673,56714
218673,11262
218673,1304
238032,1370
238032,30500
238032,56714
238032,11262
238032,33886
60870,30500
60870,11262
60870,33886
163044,1370
163044,30500
163044,35732
209073,1370
209073,30500
209073,56714
209073,11262
209073,33886
209073,1304
209073,60978
184710,1370
184710,11262
184710,1304
203733,1370
203733,11262
203733,50716
203733,33886
203733,1304
203733,10652
205665,61542
205665,11262
205665,1304
205665,57414
230073,1370
230073,30500
230073,56714
230073,11262
230073,1304
77484,1370
77484,30500
77484,56714
77484,61542
77484,11262
77484,35732
77484,39186
77484,33886
77484,1304
77484,35846
77484,10652
77484,63510
154803,1370
154803,61542
154803,11262
154803,35732
154803,1372
154803,1304
154803,63188
234555,56714
234555,11262
234555,50716
234555,33886
244287,1370
244287,56714
244287,11262
244287,1304
244287,57414
246870,11262
162603,1370
162603,30500
162603,56714
162603,61542
162603,11262
162603,35732
162603,50716
162603,44302
162603,1304
162603,57414
206421,1370
206421,11262
206421,33886
206421,1304
207330,1370
207330,56714
207330,11262
207330,16358
207330,1372
207330,35846
207330,63188
247974,1370
247974,11262
247974,50716
154956,1370
154956,30500
154956,11262
154956,35732
154956,1304
154956,57414
172719,1370
172719,56714
172719,11262
172719,1304
219456,61542
219456,11262
219456,1304
233040,11262
176319,1370
176319,56714
176319,48574
176319,1372
176319,1304
176319,49888
176319,60978
176319,10652
176319,63188
176319,57414
234864,1370
234864,30500
234864,56714
234864,11262
234864,50716
234864,44302
245631,1370
245631,56714
245631,11262
245631,33886
245631,1372
245631,1304
245631,63188
245631,57414
163482,11262
178938,1304
210933,60
226623,1370
226623,30500
226623,56714
226623,11262
226623,1304
226623,57414
72918,1370
72918,56714
72918,61542
72918,11262
72918,48574
72918,33886
72918,1372
72918,1304
72918,10652
72918,57414
72918,62376
203256,1370
203256,30500
203256,56714
203256,61542
203256,11262
203256,35732
203256,48574
203256,39186
203256,16358
203256,44302
203256,33886
203256,1304
203256,60978
203256,35846
203256,10652
203256,57414
248202,1370
248202,11262
200508,1370
200508,61542
200508,11262
200508,1372
200508,1304
207114,1370
207114,11262
207114,1304
207114,35846
162795,61542
162795,11262
162795,1304
162795,35846
165312,1370
165312,11262
186987,61542
186987,11262
186987,1304
177951,1372
177951,1304
248250,1370
248250,11262
248250,50716
248250,33886
66915,1370
66915,11262
230178,1370
230178,61542
230178,11262
230178,35732
230178,50716
230178,33886
230178,1304
230178,63188
237765,56714
237765,11262
237765,1304
242610,60
242610,10808
242610,59396
210825,1370
228315,1370
228315,56714
228315,11262
228315,1304
224931,1370
224931,30500
224931,56714
224931,11262
224931,35732
224931,1304
195723,1370
195723,30500
195723,56714
195723,61542
195723,11262
195723,1304
244878,30500
244878,56714
244878,11262
244878,50716
244878,1304
225480,1370
225480,61542
225480,11262
225480,1304
153072,1370
153072,11262
153072,1304
208515,11262
203241,1370
203241,30500
203241,11262
203241,50716
203736,1370
203736,11262
203736,33886
203736,1304
232614,1370
232614,11262
158274,1370
158274,30500
158274,56714
158274,11262
158274,50716
155388,1370
155388,11262
155388,35732
155388,1372
155388,1304
155388,57414
155388,50718
203247,1370
246339,50716
246339,1304
246339,57414
186078,1370
186078,61542
186078,11262
186078,50716
186078,33886
186078,1372
186078,1304
186078,10652
186078,57414
208584,11262
208584,1304
208584,35846
61305,1370
61305,11262
61305,50716
61305,33886
171372,1370
171372,11262
171372,1372
171372,63188
218061,1370
218061,11262
218061,1304
203274,1370
203274,11262
203274,1304
203274,10652
210795,1370
210795,1304
203532,30500
203532,56714
203532,11262
203532,50716
203532,33886
203532,1304
203574,30500
203574,61542
203574,11262
203574,48574
203574,1304
203574,60978
203574,63510
203574,57414
176577,1370
176577,56714
176577,11262
176577,1304
191238,1370
191238,56714
191238,11262
191238,10652
191238,63510
207597,1370
207597,11262
206448,56714
206448,61542
206448,11262
206448,33886
206448,1304
128763,1370
128763,56714
128763,11262
128763,1304
223089,56714
223089,36720
223089,57804
223089,50274
223089,60
223089,10808
187875,1370
187875,11262
187875,33886
187875,10652
183672,1370
183672,30500
183672,56714
183672,11262
183672,39186
183672,1304
183672,10652
157854,56714
157854,57804
157854,50274
157854,60
217752,1370
217752,11262
217752,1372
217752,1304
215457,56714
215457,48574
215457,1304
215457,35846
215457,57414
233814,44302
199860,30500
199860,56714
199860,61542
199860,11262
199860,48574
199860,44302
199860,1304
199860,60978
199860,10652
199860,63510
199860,57414
193965,56714
193965,11262
154506,1370
154506,11262
172035,1370
172035,30500
172035,56714
172035,61542
172035,11262
172035,48574
172035,33886
172035,3382
172035,61558
172035,1372
172035,1304
172035,57414
199854,1370
199854,30500
199854,56714
199854,11262
199854,35732
199854,48574
199854,1372
199854,1304
199854,10652
199854,57414
238827,1370
238827,56714
238827,54096
238827,11262
238827,50716
238827,33886
238827,1304
206415,1370
206415,56714
206415,61542
206415,11262
206415,50716
206415,33886
206415,1304
206415,57414
207105,1370
207105,56714
207105,11262
207105,50716
207105,33886
207105,1304
207105,57414
153813,11262
158610,11262
158610,33886
209094,1372
61935,1370
61935,16358
61935,1372
196311,56714
196311,11262
196311,33886
196311,1304
196311,42132
154476,1370
154476,61542
154476,11262
154476,48574
154476,50716
154476,1304
154476,57414
206937,30500
206937,11262
206937,33886
187743,1370
187743,30500
187743,56714
187743,11262
187743,50716
187743,1304
207096,30500
207096,56714
207096,11262
207096,48574
207096,50716
207096,33886
207096,1304
207096,57414
206823,1370
206823,30500
206823,56714
206823,61542
206823,11262
206823,1304
238572,56714
238572,61542
238572,11262
238572,33886
238572,1304
206478,11262
206478,44302
206478,10652
227616,1370
227616,30500
227616,61542
227616,11262
227616,48574
227616,50716
227616,1372
227616,1304
227616,35846
227616,63188
227616,57414
68568,1370
68568,11262
156486,1370
156486,30500
156486,56714
156486,11262
156486,50716
156486,1304
156486,35846
164970,61542
164970,11262
164970,1372
164970,1304
197799,1370
197799,30500
197799,11262
197799,50716
206625,1370
206625,30500
206625,11262
206625,1304
239508,30500
239508,11262
239508,35846
154770,1370
154770,61542
154770,11262
154770,48574
154770,1372
154770,1304
154770,57414
184713,1370
184713,30500
184713,56714
184713,11262
184713,35732
184713,39186
184713,16358
184713,1304
153150,1370
153150,56714
153150,11262
153150,1304
167451,1370
167451,61672
167451,11262
167451,35732
167451,1304
167451,10652
153402,1370
153402,11262
153402,1304
153402,57414
155031,11262
155031,1372
155031,63188
158766,11262
158766,50716
158766,33886
211413,1370
211413,30500
211413,56714
211413,61542
211413,11262
211413,48574
211413,50716
211413,1304
211413,57414
212640,1370
212640,30500
212640,56714
212640,11262
212640,50716
212640,33886
212640,1304
25734,1370
25734,30500
25734,56714
25734,11262
25734,33886
67371,11262
67371,50716
67371,1304
67371,35846
228024,1370
228024,56714
228024,11262
228024,33886
153642,1370
153642,1304
158658,1370
158658,30500
158658,56714
158658,11262
158658,48574
158658,57414
153645,1370
153645,30500
153645,11262
203670,1370
203670,11262
203670,1304
203670,10652
206475,36720
206475,60
222750,1370
222750,61542
222750,11262
222750,1372
222750,1304
191229,30500
191229,11262
191229,16358
240912,1370
240912,56714
240912,11262
207156,56714
207156,61542
207156,11262
207156,33886
207156,1304
187395,1370
187395,61542
187395,11262
187395,50716
187395,33886
187395,1304
153348,30500
153348,56714
153348,11262
186882,1370
186882,30500
186882,56714
186882,61542
186882,11262
186882,48574
186882,50716
186882,16358
186882,1304
186882,57414
178068,1370
178068,11262
178068,50716
210897,11262
210897,33886
210897,57414
228753,1370
228753,11262
228753,1304
65313,1370
65313,11262
65313,1372
188100,1370
188100,30500
188100,61542
188100,11262
188100,48574
188100,50716
188100,1304
202638,1370
202638,11262
222225,11262
153315,1370
153315,11262
153315,50716
153315,1304
179088,61542
179088,11262
179088,1372
179088,1304
210882,1370
210882,30500
210882,11262
210882,48574
210882,50716
210882,33886
210882,1304
210882,60978
210882,57414
153204,1370
153204,30500
153204,11262
153204,48574
153204,1372
153204,1304
153204,57414
174087,1370
174087,11262
211236,1370
211236,11262
211236,1304
221151,56714
221151,11262
221151,35732
221151,1304
63690,1370
63690,56714
63690,61542
63690,11262
63690,35732
63690,50716
63690,33886
63690,1304
63690,10652
63690,57414
157311,30500
157311,11262
153600,11262
153600,1372
153600,57414
215517,61542
215517,11262
215517,1304
204243,1370
204243,11262
204243,1304
165915,1370
165915,11262
205905,1370
205905,11262
205905,50716
205905,33886
205905,1304
205905,57414
153885,1370
153885,30500
153885,56714
153885,61542
153885,11262
153885,48574
153885,1372
153885,1304
153885,60978
153885,63188
153885,57414
62811,30500
62811,50716
62811,50718
181203,1370
181203,30500
181203,56714
181203,11262
181203,33886
181203,1304
191316,1370
191316,56714
191316,11262
191316,33886
223389,56714
223389,1304
178257,1370
178257,30500
178257,56714
178257,61542
178257,11262
178257,48574
178257,1304
178257,57414
216564,56714
216564,36720
216564,57804
216564,50274
56871,1370
56871,30500
56871,56714
56871,11262
56871,1304
56871,10652
206076,1370
206076,30500
206076,56714
206076,11262
206076,48574
206076,57414
207465,56714
207465,33886
246720,1370
246720,30500
246720,56714
246720,11262
246720,35732
246720,1304
246720,57414
187839,1370
187839,56714
187839,61542
187839,11262
187839,50716
187839,1304
183645,1370
183645,30500
183645,56714
183645,11262
183645,50716
183645,1372
183645,1304
183645,60978
210051,1370
210051,11262
210051,48574
210051,50716
210051,1304
210051,57414
241350,11262
241350,50716
220218,1370
220218,56714
220218,11262
220218,50716
220218,33886
220218,57414
210633,1370
210633,11262
67740,1370
67740,11262
207582,11262
244173,11262
64893,1370
64893,11262
64893,33886
238878,1370
238878,54096
238878,11262
238878,48574
238878,1372
238878,1304
238878,63188
238878,57414
155043,1370
161058,1370
161058,11262
161058,33886
161058,1304
161058,35846
235335,30500
235335,11262
235335,50716
235335,33886
235335,63510
209880,61364
209880,1370
209880,11262
209880,1372
209880,57414
205812,1370
205812,61542
205812,11262
205812,1372
205812,1304
65637,1370
65637,56714
65637,11262
65637,1304
186951,1370
186951,56714
186951,11262
186951,1304
172590,1370
172590,11262
172590,50716
172590,1304
65049,1370
65049,11262
153999,1370
153999,56714
153999,11262
183366,56714
183366,11262
65058,1370
65058,56714
65058,11262
240918,1370
240918,11262
179436,61542
179436,11262
179436,1372
179436,1304
196302,30500
196302,56714
196302,61542
196302,11262
196302,35732
196302,48574
196302,39186
196302,1304
196302,60978
196302,57414
200964,1370
200964,30500
200964,11262
200964,39186
200964,34092
200964,44302
200964,33886
200964,1304
200964,10652
210615,1370
210615,11262
210615,35732
210615,39186
210615,57804
210615,16358
210615,44302
210615,124
64353,1370
64353,11262
64353,50716
64353,33886
64353,1372
64353,1304
203064,11262
224787,56714
224787,11262
224787,1304
240990,1370
240990,56714
240990,61542
240990,11262
240990,16358
240990,33886
240990,57414
240990,50718
69249,1370
69249,30500
192942,1370
192942,56714
192942,61542
192942,11262
192942,48574
192942,39186
192942,44302
192942,33886
192942,1372
192942,1304
192942,60978
192942,35846
192942,57414
153024,61542
153024,11262
153024,1304
203127,30500
203127,11262
203127,50716
203127,33886
223728,1370
223728,30500
223728,56714
223728,61542
223728,11262
223728,35732
223728,50716
223728,16358
223728,33886
223728,1304
183813,11262
183813,57414
175815,1370
166002,1370
166002,30500
166002,61542
166002,11262
166002,50716
166002,33886
166002,1304
208092,50716
208092,39186
123150,1370
123150,61542
123150,11262
123150,33886
123150,1304
210585,11262
210585,33886
210585,10808
210585,1304
166029,61364
166029,1370
166029,30500
166029,56714
166029,11262
166029,1372
166029,1304
166029,63188
208692,1370
208692,30500
208692,56714
208692,11262
208692,50716
208692,33886
208692,1304
68496,1370
68496,30500
68496,61542
68496,11262
68496,48574
68496,1304
68496,63510
68496,57414
209184,1370
209184,11262
209184,50716
209184,33886
209184,60978
220632,1370
220632,11262
220632,16358
220632,1304
220632,35846
220632,33534
166599,1370
166599,11262
199479,1370
199479,56714
199479,61542
199479,11262
199479,48574
199479,50716
199479,33886
199479,1304
208812,1370
208812,56714
208812,11262
208812,1304
80925,11262
80925,50716
209793,56714
209793,61542
209793,11262
209793,50716
209793,33886
209793,60
209793,1372
209793,1304
209793,42132
209793,51316
209793,63188
153912,61542
153912,11262
206646,30500
206646,11262
206646,50716
206646,1304
206613,11262
192768,11262
192768,1304
211761,1370
211761,56714
211761,11262
211761,35732
211761,1304
204375,1370
204375,30500
204375,56714
204375,11262
204375,35732
204375,16358
204375,1304
204375,63188
204375,63510
204375,57414
233559,1370
233559,56714
214968,1370
214968,30500
214968,56714
214968,11262
214968,50716
214968,1304
186942,1304
208794,1370
208794,11262
208794,16358
208794,1304
208794,35846
212586,1370
212586,11262
212586,48574
212586,50716
212586,39186
212586,1372
212586,49888
212586,60978
212586,57414
207498,30500
207498,11262
245976,1370
245976,11262
245976,50716
245976,33886
245976,1304
245976,57414
154953,30500
154953,11262
198981,1370
198981,56714
198981,11262
198981,48574
198981,39186
198981,1372
198981,1304
198981,63188
198981,57414
226848,1370
226848,11262
226848,1304
171684,1370
171684,11262
171684,33886
171684,1304
204774,11262
204774,1304
207999,1370
207999,30500
207999,56714
207999,61542
207999,11262
207999,48574
207999,16358
207999,1304
207999,10652
207999,57414
182295,1370
182295,61542
182295,11262
182295,50716
182295,1304
165684,1370
165684,30500
165684,11262
165684,48574
165684,1304
165684,57414
64845,1370
64845,11262
64845,1304
203166,1370
203166,30500
203166,56714
203166,11262
203166,48574
203166,44302
203166,33886
203166,60978
203166,57414
211542,11262
224280,1370
224280,56714
224280,11262
224280,50716
224280,33886
250977,1370
250977,11262
250977,57414
154827,11262
227670,1370
227670,30500
227670,56714
227670,11262
227670,10652
227670,57414
208116,1370
208116,11262
153438,1370
153438,61542
153438,11262
153438,48574
153438,1372
153438,1304
153438,57414
250020,1370
250020,11262
250020,1304
154404,1370
154404,11262
205332,1370
205332,11262
205332,1304
203868,1370
203868,30500
203868,56714
203868,11262
203868,48574
203868,50716
203868,33886
155034,1304
229812,1370
229812,11262
229812,1304
192717,11262
244731,1370
244731,56714
244731,11262
244731,50716
243981,1370
243981,11262
250653,11262
167136,1370
167136,56714
167136,11262
244971,30500
244971,56714
244971,39186
244971,50274
244971,59396
245868,56714
245868,60
180471,1370
180471,56714
242505,1370
242505,61542
242505,11262
242505,1304
217002,1370
217002,56714
217002,11262
217002,48574
217002,50716
217002,57414
210342,1370
210342,30500
210342,56714
210342,11262
210342,1372
210342,1304
210342,63188
204924,30500
204924,56714
204924,11262
153138,1370
153138,30500
153138,56714
153138,61542
153138,11262
153138,35732
153138,33886
153138,1304
222843,11262
222843,1304
240852,1370
240852,11262
240852,16358
234951,56714
234951,50274
234951,10808
234951,57414
177921,1370
190152,56714
190152,11262
190152,33886
247548,1370
247548,11262
247548,1304
250221,1370
250221,11262
251085,11262
251085,1304
244005,1370
244005,30500
244005,56714
244005,11262
244005,50716
244005,34092
244005,16358
244005,1372
244005,63188
244005,57414
246711,1370
246711,56714
246711,11262
68676,1370
68676,56714
68676,61542
68676,11262
68676,1304
199242,56714
199242,11262
199242,16358
218958,11262
218958,33886
219030,1370
219030,11262
219030,33886
250629,11262
250629,57414
251235,1370
251235,30500
251235,56714
251235,11262
188106,1370
188106,30500
188106,11262
188106,50716
188106,62376
198855,56714
198855,48574
198855,1372
198855,63188
216822,1370
216822,56714
216822,11262
216822,50716
216822,1304
248796,56714
248796,11262
248796,50716
248796,34092
67056,1370
67056,11262
67056,1304
212595,1370
212595,30500
212595,56714
212595,11262
212595,50716
212595,1304
212595,10652
212595,57414
219132,1370
219132,56714
219132,61542
219132,11262
219132,1304
219132,35846
219132,10652
248871,11262
248871,1304
251442,1370
251442,11262
175878,1370
175878,56714
175878,11262
175878,1304
248724,1370
248724,30500
248724,56714
248724,11262
248724,50716
191553,11262
191553,48574
191553,1304
191553,63188
191553,57414
204717,11262
204717,33886
204717,63510
252405,11262
174195,1370
174195,11262
159330,1370
159330,11262
154374,11262
154374,50716
154374,1304
167364,1370
167364,11262
167364,35732
167364,50716
167364,33886
211344,56714
211344,11262
249063,1370
249063,56714
249063,11262
251169,1370
251169,11262
251169,1304
198534,1370
198534,11262
241218,56714
241218,50274
224211,1370
224211,56714
224211,11262
69060,1370
69060,56714
69060,48574
69060,57414
154509,1370
154509,11262
154509,1304
250974,1370
250974,56714
250974,11262
211632,1370
211632,11262
211632,16358
211632,57414
154665,1370
154665,1304
252081,11262
248550,1370
248550,56714
248550,57414
252774,11262
203727,30500
203727,11262
203727,50716
203727,1304
247374,1370
247374,56714
247374,11262
247374,1304
247374,57414
180195,1370
249222,30500
198873,1370
198873,11262
203151,1370
203151,56714
203151,11262
203151,50716
203151,34092
203151,33886
203151,57414
153084,1370
153084,11262
153084,35732
153084,33886
153084,1372
153084,1304
154560,61542
154560,11262
154560,1304
182556,61542
182556,1304
199044,11262
246915,1370
246915,11262
246915,1304
173667,11262
228948,1372
228948,42132
247134,1370
247134,11262
232788,1370
232788,61542
232788,11262
232788,1304
157236,1370
157236,11262
157236,1304
155052,1370
155052,11262
195447,1370
195447,56714
195447,11262
195447,33886
203454,1370
203454,56714
203454,11262
203454,48574
203454,50716
203454,16358
203454,60978
203454,63510
203454,57414
205722,1370
205722,11262
205722,48574
205722,1304
219450,1370
219450,56714
219450,61542
219450,11262
219450,16358
219450,1372
219450,1304
219450,35846
201741,1370
201741,56714
201741,61542
201741,11262
201741,39186
201741,16358
201741,33886
201741,1304
207123,11262
207123,33886
226827,1370
226827,56714
226827,11262
243546,56714
243546,11262
243546,33886
204189,1370
204189,30500
204189,11262
204189,35732
204189,39186
204189,44302
204189,33886
204189,1304
204189,10652
155100,1370
155100,11262
155100,1304
204057,30500
204057,56714
204057,11262
204057,50716
204057,33886
204057,1304
204057,10652
203055,1370
203055,11262
203055,1304
155337,1370
155337,11262
155337,1304
188847,56714
188847,11262
166005,1370
166005,56714
166005,11262
166005,33886
166005,1304
227223,1370
227223,61542
227223,11262
227223,1304
237675,1370
237675,11262
219231,11262
219231,33886
207822,1370
207822,56714
207822,11262
207822,50716
219420,1370
219420,61542
219420,11262
219420,50716
219420,1304
181371,1370
181371,56714
181371,11262
181371,50716
181371,39186
181371,1372
181371,57414
153288,1370
153288,56714
154383,1370
154383,11262
154383,1304
208473,1370
208473,11262
208473,33886
208473,1372
208473,60978
227829,61542
227829,11262
227829,33886
227829,1304
177873,56714
177873,61542
177873,11262
177873,1304
208068,1370
208068,56714
208068,11262
154821,1370
154821,30500
154821,56714
154821,11262
154821,50716
194601,1370
194601,30500
194601,54096
194601,11262
194601,44302
194601,124
194601,33886
194601,1304
154713,11262
206514,56714
206514,61542
206514,11262
206514,33886
206514,1372
206514,1304
153867,1370
153867,56714
153867,61542
153867,11262
153867,48574
153867,50716
153867,33886
153867,1304
153867,63188
153867,57414
206838,1370
206838,30500
206838,11262
206838,35732
206838,1304
209829,1370
209829,61542
209829,11262
209829,1304
206763,30500
206763,11262
206763,50716
206763,1372
200364,48574
200364,57414
223776,1370
223776,30500
223776,56714
223776,11262
223776,35732
65052,1370
65052,11262
65052,50716
65052,1304
181704,1370
181704,11262
203511,1370
203511,11262
203511,50716
203511,1304
195378,11262
195378,48574
195378,50716
195378,33886
195378,1372
195378,1304
195378,60978
195378,57414
208617,30500
208617,56714
208617,11262
208617,50716
208617,60978
208521,30500
208521,56714
208521,11262
221196,11262
210978,1370
210978,30500
210978,56714
210978,11262
210978,39186
210978,1372
210978,60978
210978,63510
210978,57414
157080,11262
157080,1304
206799,42132
210627,1370
210627,30500
210627,56714
210627,11262
210627,1304
210627,57414
212445,56714
212445,50270
212445,11262
212445,36720
212445,57804
212445,44302
212445,33886
212445,50274
212445,60978
212445,63510
207267,48574
207267,1304
207267,35846
207267,57414
63876,11262
206991,1370
206991,11262
206991,1372
166362,1370
166362,30500
166362,56714
166362,11262
166362,33886
228564,11262
220302,11262
220302,33886
220302,1304
220302,35846
195582,1370
195582,30500
195582,56714
195582,11262
176595,1370
176595,11262
65328,1370
154035,1370
154035,11262
185817,1370
128685,1370
128685,11262
244065,1370
244065,30500
244065,56714
244065,11262
244065,50716
244065,33886
244065,10652
60762,57804
60762,50274
153882,1370
212637,30500
212637,11262
153423,1370
153423,50716
220095,1370
154518,1370
154518,11262
154518,1304
153279,1370
153279,61542
153279,11262
153279,35732
153279,1304
233427,1370
188685,1370
188685,30500
188685,11262
188685,1304
163578,1370
163578,11262
163578,10652
190113,1370
190113,11262
183459,30500
183459,11262
183459,1304
183459,10652
64860,1370
64860,30500
64860,11262
183675,1370
183675,56714
183675,11262
183675,50716
183675,1304
149634,30500
149634,61542
149634,11262
149634,35732
149634,1304
149634,60978
149634,10652
203784,11262
203784,1304
203784,57414
238875,1370
238875,56714
238875,11262
238875,1372
238875,1304
242130,56714
242130,57804
242130,50274
242130,60
242130,10808
242412,30500
242412,56714
242412,11262
242412,33886
242412,1372
242412,1304
242412,63510
249981,56714
249981,11262
249981,33886
246618,30500
246618,56714
246618,11262
246618,50716
244866,1370
244866,56714
244866,11262
210810,1370
210810,1304
215247,11262
154740,56714
154740,11262
207147,56714
207147,11262
207147,1304
249081,1370
249081,56714
249081,11262
249081,33886
249081,1304
247260,56714
247260,49888
195894,1370
195894,56714
195894,11262
195894,1304
183786,1370
183786,11262
183786,33886
218121,1370
218121,11262
203661,1370
203661,56714
203661,11262
203661,50716
203661,33886
203661,1304
251631,1370
251631,30500
251631,56714
251631,11262
251631,50716
251631,33886
251631,63510
251631,57414
180801,30500
180801,35732
180801,50716
180801,39186
226140,11262
247002,11262
249294,11262
249687,1370
249687,56714
249687,11262
249687,33886
248205,1370
248205,30500
248205,11262
248205,50716
247962,30500
247962,56714
247962,11262
251619,11262
248706,1370
248706,11262
251382,11262
203181,1370
203181,16358
157710,1370
157710,11262
157710,33886
250362,1370
250362,11262
232452,1370
232452,11262
232452,1304
207345,1370
207345,30500
207345,56714
207345,11262
207345,33886
207345,1304
207345,60978
221247,56714
221247,57804
221247,50274
221247,10808
235842,11262
235842,33886
184113,1370
184113,11262
184113,48574
184113,50716
184113,34092
184113,1372
184113,1304
184113,57414
205821,1370
205821,56714
205821,11262
154494,1370
154494,61542
154494,11262
154494,35732
154494,50716
154494,33886
154494,1372
154494,1304
154494,10652
154494,57414
206343,11262
213987,1370
192756,30500
192756,11262
192756,35732
192756,50716
192756,33886
192756,1304
187974,1370
187974,11262
187974,50716
187974,1304
227295,1370
227295,30500
227295,56714
227295,11262
227295,35732
227295,33886
227295,1304
227295,10652
227295,57414
184674,1370
184674,11262
184674,57414
155403,56714
155403,61542
155403,11262
155403,33886
155403,1304
65067,1370
65067,11262
220179,56714
220179,11262
204483,1370
204483,11262
204483,1372
204483,1304
204483,57414
148782,33886
148782,1304
246963,1370
246963,30500
246963,11262
249855,56714
249855,11262
249855,33886
246858,30500
246858,11262
246858,35732
246858,50716
246858,33886
246858,10652
246858,63510
247986,56714
247986,11262
247986,57414
181746,1370
181746,11262
181746,50716
153888,1370
153888,30500
153888,56714
153888,11262
153888,48574
153888,57414
198792,1370
198792,56714
198792,11262
198792,1304
211740,16358
162810,1370
162810,11262
162810,33886
247878,1370
247878,56714
247878,11262
247878,1304
243390,11262
247029,1370
222621,1370
222621,11262
222621,1304
162624,61542
162624,11262
162624,1372
162624,1304
156024,1370
156024,11262
156024,1372
156024,57414
206964,30500
206964,56714
206964,11262
206964,1304
210441,1370
210441,11262
211812,56714
211812,11262
211812,1304
211683,1370
211683,11262
211683,50716
211683,1304
211683,57414
235458,1370
235458,56714
235458,61542
235458,11262
178761,1370
178761,30500
178761,11262
178761,50716
197676,1370
197676,11262
197676,33886
197676,1372
197676,1304
204054,1370
204054,11262
216033,1370
216033,30500
216033,56714
216033,11262
216033,33886
207396,1370
207396,11262
224208,56714
224208,11262
224208,57804
153744,11262
205947,1370
205947,11262
66336,1370
66336,30500
66336,56714
66336,61542
66336,16358
66336,1304
233961,1370
233961,56714
233961,11262
233961,1304
189009,11262
189009,35846
248064,1370
248064,56714
248064,11262
222759,30500
222759,54096
222759,11262
222759,44302
251766,11262
175239,1370
175239,11262
175239,33886
67158,1370
67158,30500
67158,56714
67158,11262
67158,50716
243789,1370
243789,56714
243789,11262
243789,1304
153792,1370
153792,11262
153792,35732
153792,50716
153792,44302
153792,33886
153792,1372
153792,1304
153792,60978
153792,10652
206484,30500
206484,56714
206484,11262
206484,50716
206484,33886
206484,1372
206484,1304
247239,1370
247239,56714
247239,11262
247239,50716
247239,1304
206457,1370
162960,11262
162960,50716
243477,1370
243477,11262
243477,1304
232503,1372
164871,1370
244092,1370
244092,11262
245826,11262
181110,56714
181110,36720
181110,57804
181110,50274
248682,1370
248682,11262
246216,56714
246216,11262
205995,1370
205995,11262
71301,1370
71301,56714
71301,11262
162792,1370
162792,11262
162792,1304
246150,1370
246150,30500
246150,56714
246150,11262
246150,10808
246150,1304
246150,63188
246150,57414
246150,50718
167514,11262
210129,1370
210129,1372
206481,11262
206481,33886
243954,1370
243954,11262
216366,11262
216366,50716
64764,11262
64764,60978
235380,11262
235380,1304
238611,1370
238611,11262
245046,11262
245046,57414
249297,1370
249297,11262
212181,1370
212181,11262
208560,11262
208560,50716
153720,1370
215985,11262
215985,33886
215112,30500
215112,56714
215112,11262
249843,11262
61629,56714
61629,11262
61629,50716
61347,11262
212433,11262
249159,1370
249159,56714
249159,11262
244869,11262
244869,50716
217872,1370
217872,11262
217872,1304
236973,11262
153675,11262
154635,11262
214998,56714
207099,11262
240924,11262
457455,57804
457455,50274
208080,1370
208080,11262
163032,50274
163032,10808
251610,1370
251610,56714
251610,11262
251610,63510
253098,11262
210408,11262
250782,11262
250749,11262
249795,1370
249795,30500
249795,11262
249795,50716
249795,1304
249795,63510
180672,11262
201030,11262
206616,11262
209970,56714
252210,56714
252210,11262
252210,63510
252177,1370
252177,56714
252177,11262
214194,11262
203118,11262
208911,11262
251202,11262
252618,11262
217536,56714
217536,50274
253308,11262
251493,11262
212574,1370
212574,11262
198057,11262
252396,11262
